User Rating Count,Size,Subtitle_Available,Free_Price,Age_Rating,Description_Length,Genres_Count,Language_EN,Languages_Count,In_App_Count,In_App_Max
34.0,248487936.0,0,1,9,933,5,1,1,6,99.99
13.0,81605632.0,0,1,4,2092,4,1,1,0,0.0
158.0,206257152.0,1,1,4,2710,4,1,15,10,19.99
12841.0,30577664.0,1,0,9,1431,4,1,1,1,0.99
89891.0,223431680.0,1,1,12,3681,4,1,46,10,99.99
5.0,318138368.0,1,1,17,342,5,1,1,0,0.0
6.0,172837888.0,1,1,17,1440,3,1,9,0,0.0
461.0,30818304.0,1,1,9,989,3,1,1,3,0.99
22.0,12665856.0,0,1,4,290,4,1,31,0,0.0
60.0,247933952.0,1,1,9,1091,4,1,1,10,49.99
5.0,111194112.0,1,0,9,1444,3,1,14,5,89.99
63.0,16903168.0,0,1,12,478,3,1,1,1,1.99
130.0,25079808.0,0,1,4,438,4,1,1,0,0.0
14.0,246844416.0,1,1,12,246,3,1,1,0,0.0
3917.0,404534272.0,1,1,4,2122,3,1,3,7,99.99
4255.0,222107648.0,1,1,4,72,4,1,7,0,0.0
34.0,456816640.0,1,1,9,1347,5,1,16,10,49.99
10.0,122109952.0,0,1,12,313,2,1,1,3,6.99
18.0,62361600.0,0,1,4,1183,4,1,1,1,0.99
6856.0,3716897792.0,1,1,12,3780,4,1,12,16,29.99
32356.0,44116992.0,1,1,4,1158,4,1,3,0,0.0
23.0,11464704.0,0,1,9,947,4,1,1,3,19.99
6.0,17924096.0,0,1,4,248,3,1,1,3,2.99
10.0,28888064.0,0,1,4,584,4,1,1,1,1.99
28.0,303534080.0,0,1,4,1482,4,1,10,1,4.99
9.0,47628288.0,0,1,12,970,3,1,2,1,19.99
55.0,657796096.0,0,1,12,1087,4,1,18,10,24.99
1102.0,98813952.0,1,1,9,2397,4,1,20,16,39.99
22.0,9363456.0,0,1,4,118,3,1,1,0,0.0
1070.0,211465216.0,0,1,17,1444,3,1,1,5,99.99
51.0,296215552.0,1,1,4,1221,4,1,11,9,19.99
32.0,275671040.0,0,1,9,1363,4,1,13,7,99.99
683.0,153520128.0,0,1,12,1109,3,1,1,10,9.99
74.0,43257856.0,1,1,12,387,4,1,1,0,0.0
33.0,72089600.0,0,1,4,435,3,1,1,3,5.99
16.0,41844736.0,0,1,4,2038,3,1,1,0,0.0
672.0,161323008.0,1,1,4,1985,4,1,1,10,14.99
34.0,64036864.0,0,1,4,1511,4,1,5,6,99.99
531.0,316754944.0,1,1,9,1196,4,1,1,10,99.99
3576.0,102119424.0,1,1,12,1432,5,1,11,9,99.99
101.0,56546304.0,0,1,4,1644,4,1,1,3,1.99
27.0,45083648.0,0,1,4,846,4,1,1,5,3.99
41.0,447825920.0,0,1,12,1378,2,1,19,10,99.99
2606.0,107105280.0,0,0,9,1324,3,1,1,0,0.0
7.0,49758208.0,0,0,9,1184,5,1,15,4,7.99
138.0,135400448.0,1,1,4,4117,4,1,1,5,49.99
6.0,34201600.0,0,0,12,897,3,1,1,0,0.0
72.0,139923968.0,0,1,9,2504,4,1,8,4,14.99
242.0,219392000.0,0,1,17,2590,4,1,1,10,14.99
14.0,14094336.0,0,1,4,453,4,1,1,0,0.0
42.0,14088192.0,0,1,17,884,5,1,1,4,49.99
22.0,360751104.0,0,0,9,1423,5,1,1,0,0.0
267.0,282842112.0,0,1,12,1776,4,1,16,9,99.99
163.0,210816000.0,0,0,12,994,4,1,1,0,0.0
198.0,356790272.0,1,1,12,1033,3,1,1,9,6.99
9.0,153109504.0,0,0,9,503,2,1,8,2,0.99
23.0,35442688.0,1,1,9,715,4,1,1,1,1.99
48.0,28418048.0,0,1,4,292,4,1,1,0,0.0
1188.0,265680896.0,1,1,9,2296,3,1,14,15,99.99
970.0,22685696.0,0,1,4,164,3,1,1,2,1.99
6.0,14114816.0,0,1,4,210,4,1,1,0,0.0
353.0,145480704.0,1,1,4,2118,3,1,1,10,49.99
11.0,65680384.0,1,1,4,675,4,1,1,0,0.0
66.0,83205120.0,0,1,4,836,4,1,1,3,1.99
20.0,14516224.0,0,1,4,1432,4,1,1,0,0.0
1953.0,176345088.0,0,1,9,1777,3,1,17,10,99.99
27.0,19252224.0,0,0,4,426,4,1,1,0,0.0
473.0,118474752.0,0,1,4,3565,3,1,1,5,49.99
6.0,410147840.0,1,1,4,814,3,1,1,3,19.99
11.0,153627648.0,1,1,4,522,4,1,10,7,119.99
22.0,39713792.0,1,1,4,776,5,1,1,6,9.99
17.0,101749760.0,1,0,9,2213,4,1,1,10,19.99
509.0,285711360.0,1,1,9,1115,4,1,1,10,49.99
461.0,185158656.0,1,1,9,2323,4,1,12,8,89.99
19.0,113949696.0,1,1,9,387,4,1,1,0,0.0
5.0,10183376.0,0,1,4,890,4,1,18,2,0.99
22.0,81894400.0,0,1,4,402,2,1,1,1,2.99
5.0,170974208.0,0,1,4,1370,4,1,1,4,17.99
15.0,122398720.0,1,1,9,558,3,1,1,0,0.0
11.0,63667200.0,1,1,12,678,3,1,1,0,0.0
23.0,221622272.0,0,1,9,1882,4,1,1,4,2.99
93235.0,259371008.0,0,0,4,715,4,1,1,10,4.99
41.0,148193280.0,1,1,4,1484,3,1,1,4,19.99
7.0,567900160.0,0,0,12,1515,4,1,6,0,0.0
9.0,19490816.0,0,1,4,684,3,1,31,0,0.0
14.0,50647040.0,0,1,4,159,4,1,2,0,0.0
276.0,85621760.0,1,1,4,1850,4,1,1,7,99.99
19.0,8921088.0,0,1,4,453,4,1,1,1,0.99
258.0,34129920.0,0,1,4,238,3,1,1,0,0.0
19336.0,751147008.0,1,0,9,1403,4,1,10,10,16.99
1009.0,123698176.0,1,1,4,2156,4,1,2,7,8.49
7.0,62911488.0,0,1,9,587,4,1,1,0,0.0
9.0,58126336.0,0,1,4,441,3,1,1,1,2.99
13.0,372554752.0,1,1,12,3728,4,1,4,4,3.99
6.0,6456320.0,0,1,4,124,4,1,2,1,0.99
6.0,32053248.0,0,1,4,706,2,1,1,0,0.0
6.0,32423936.0,0,1,4,1191,3,1,1,7,5.99
86.0,138593280.0,0,1,9,1020,3,1,1,7,99.99
532.0,30134272.0,0,1,4,2331,3,1,1,0,0.0
6.0,35307520.0,0,1,4,195,3,1,2,2,0.99
47.0,217388032.0,1,1,9,2038,4,1,8,6,29.99
14777.0,139816960.0,0,1,4,2683,4,1,1,2,3.99
17.0,3371008.0,0,0,4,621,4,1,1,0,0.0
10.0,16220160.0,0,1,4,225,3,1,1,1,0.99
32.0,61274112.0,0,1,9,854,3,1,1,8,4.99
2753.0,781709312.0,1,1,12,2538,4,1,1,5,19.99
5.0,174809088.0,1,1,9,3626,3,1,1,3,4.99
47.0,129716224.0,1,1,12,2007,2,1,10,2,29.99
5.0,326955008.0,0,1,4,1016,4,1,1,0,0.0
36.0,170752000.0,0,1,4,928,4,1,1,1,4.99
20.0,45099008.0,1,1,9,103,5,1,22,6,99.99
32.0,68359168.0,0,1,12,933,4,1,1,3,1.99
256.0,652736512.0,1,1,4,606,4,1,1,10,19.99
12.0,24114176.0,0,0,9,1371,4,1,4,1,0.0
14.0,134635520.0,1,1,17,715,4,1,1,0,0.0
341.0,96487424.0,1,1,9,1827,4,1,5,10,6.99
54.0,12474577.0,0,1,4,1367,4,1,3,3,4.99
1854.0,120340480.0,0,1,4,708,4,1,1,10,3.99
27.0,81715200.0,0,1,17,931,3,1,1,3,9.99
55.0,12353536.0,0,1,4,457,4,1,1,0,0.0
2360.0,94826496.0,1,1,4,1621,4,1,3,9,49.99
26.0,1267209216.0,0,0,12,528,5,1,1,0,0.0
16.0,28286976.0,0,1,4,705,4,1,1,1,0.99
15.0,31452254.0,0,1,12,1244,4,1,1,1,0.99
56.0,166757376.0,1,1,12,892,3,1,3,9,99.99
248.0,136123392.0,0,1,4,701,4,1,1,3,2.99
5.0,22065152.0,0,0,4,3799,4,1,2,0,0.0
14.0,70737920.0,0,1,4,861,4,1,1,10,4.99
64.0,8647680.0,0,1,4,1010,3,1,31,0,0.0
18.0,36622336.0,0,1,4,694,4,1,1,1,0.99
6.0,32866306.0,0,1,4,850,3,1,1,2,7.99
820.0,66686012.0,0,1,4,613,3,1,1,6,6.99
682.0,131994624.0,0,1,4,735,3,1,1,1,4.99
5381.0,43526144.0,0,1,4,357,4,1,1,0,0.0
19.0,31442944.0,1,1,4,795,4,1,1,9,1.99
2966.0,61284352.0,0,0,4,712,4,1,2,7,19.99
194.0,138543104.0,0,1,12,3117,4,1,1,3,1.99
79.0,296632320.0,0,0,4,1712,4,1,9,0,0.0
14742.0,86545408.0,0,1,9,1076,5,1,1,10,99.99
2786.0,63672320.0,1,0,4,3185,3,1,1,6,4.99
15.0,409570.0,0,1,4,893,4,1,1,0,0.0
252.0,79267840.0,1,1,4,1059,4,1,3,8,19.99
1121.0,254496768.0,0,0,9,3008,4,1,6,5,19.99
12.0,15872000.0,0,1,4,347,3,1,1,5,4.99
38.0,34247680.0,0,0,9,1027,4,1,1,1,1.99
982.0,894489600.0,1,1,12,3186,4,1,10,16,29.99
16.0,10534912.0,0,1,4,1657,4,1,1,1,0.99
52.0,23592960.0,1,1,4,1361,4,1,1,3,0.99
7.0,6299648.0,0,0,4,800,3,1,1,0,0.0
6445.0,91420672.0,0,1,12,1432,3,1,11,9,99.99
31.0,87768064.0,1,1,12,537,3,1,1,2,3.99
91651.0,203108352.0,1,1,9,2108,4,1,11,10,19.99
330.0,202849280.0,1,1,12,2511,3,1,10,10,19.99
4025.0,42757120.0,1,1,4,2683,4,1,1,10,4.99
89.0,20000768.0,0,1,4,212,5,1,1,2,1.99
5346.0,140959744.0,1,1,9,2864,3,1,1,10,9.99
39.0,618165248.0,0,1,4,686,5,1,1,5,24.99
718.0,160809984.0,1,1,9,1807,5,1,1,6,99.99
6147.0,54165504.0,1,1,4,2051,4,1,1,0,0.0
24.0,35758080.0,0,1,4,588,4,1,4,0,0.0
34.0,39718912.0,0,1,4,56,4,1,7,2,1.99
357.0,693882880.0,0,0,12,3307,4,1,10,1,1.99
26.0,8820736.0,0,1,4,2510,4,1,2,0,0.0
23.0,227286016.0,1,1,4,4102,3,1,1,12,14.99
275.0,31575040.0,1,1,4,527,4,1,3,10,29.99
88.0,99802112.0,0,1,9,160,4,1,1,3,2.99
566.0,321665024.0,1,1,12,2465,3,1,1,10,94.99
45686.0,92408832.0,1,1,4,3749,4,1,1,4,49.99
10.0,151497728.0,1,1,4,1280,4,1,1,0,0.0
11.0,99683328.0,0,1,9,1038,4,1,4,2,6.99
20.0,19283845.0,0,1,4,2424,3,1,1,0,0.0
1367.0,63735808.0,1,1,4,3950,4,1,1,3,0.99
2512.0,220811264.0,1,1,9,2858,4,1,18,16,99.99
861.0,5682435.0,0,1,4,1274,4,1,5,0,0.0
265.0,109746176.0,1,1,4,683,4,1,1,1,0.99
359.0,102265856.0,0,1,4,1156,4,1,1,6,9.99
20.0,38791168.0,1,1,9,1096,3,1,25,5,9.99
99.0,114019328.0,1,0,4,3641,3,1,1,6,4.99
12842.0,218394624.0,0,1,12,1882,5,1,6,10,99.99
38.0,44368070.0,0,1,9,1574,4,1,2,7,39.99
58.0,5474304.0,1,0,4,2851,4,1,7,0,0.0
67.0,199919616.0,1,1,9,2953,3,1,1,5,9.99
101786.0,211241984.0,1,1,4,3763,4,1,11,10,49.99
86.0,232634368.0,1,1,17,2173,4,1,1,0,0.0
45.0,66062336.0,0,1,12,255,4,1,1,9,4.99
7.0,15926272.0,0,1,4,455,3,1,1,1,2.99
5.0,549747712.0,1,1,9,679,3,1,1,1,9.99
1867.0,90133504.0,0,1,9,1202,3,1,43,9,49.99
38.0,88282112.0,0,1,9,3583,4,1,4,8,99.99
13.0,14295040.0,0,1,4,1877,4,1,1,7,9.99
5.0,1056768.0,0,1,4,20,3,1,1,1,0.99
55.0,78445568.0,0,0,9,836,3,1,1,0,0.0
20.0,14273536.0,0,1,4,105,4,1,1,1,0.99
7.0,56762368.0,0,1,12,583,3,1,1,0,0.0
1759.0,24915968.0,0,1,4,1838,4,1,10,7,7.99
18.0,56814592.0,0,1,4,1126,4,1,4,0,0.0
248.0,360148992.0,1,1,17,3560,4,1,1,8,44.99
101.0,23890254.0,0,1,4,1874,4,1,4,6,29.99
1733.0,330874880.0,1,1,12,1637,3,1,10,7,99.99
60.0,2581730304.0,1,0,9,1288,4,1,1,0,0.0
4092.0,51093504.0,0,1,9,2402,4,1,1,6,19.99
25.0,93100032.0,0,0,4,1077,4,1,4,0,0.0
5.0,136596480.0,0,1,4,294,3,1,1,1,3.99
5.0,25010176.0,0,1,4,481,3,1,1,1,2.99
232.0,751181824.0,1,1,9,1769,4,1,12,9,99.99
106.0,11833344.0,0,1,4,549,4,1,2,1,0.99
8.0,326992896.0,1,1,12,1117,3,1,4,1,0.99
660.0,154198016.0,1,0,12,4084,4,1,10,0,0.0
323.0,486619136.0,1,1,9,3093,4,1,1,16,49.99
1798.0,526649344.0,0,1,4,1731,4,1,1,10,4.99
9.0,368794624.0,0,1,9,1417,2,1,1,10,99.99
366.0,81891328.0,0,1,4,1270,4,1,1,1,3.99
169.0,92104704.0,1,1,9,516,5,1,8,10,99.99
12.0,9579520.0,0,1,9,1717,4,1,1,0,0.0
30.0,180963328.0,1,1,9,816,3,1,1,4,19.99
1071.0,308326400.0,0,1,12,1548,4,1,1,10,99.99
14.0,55998464.0,1,1,4,2425,4,1,1,1,1.99
53.0,46484944.0,0,1,9,1171,4,1,1,0,0.0
460.0,85475328.0,1,1,4,3278,3,1,2,10,49.99
8.0,34808832.0,1,1,4,1241,3,1,1,0,0.0
16.0,164800512.0,1,1,12,1021,3,1,1,4,4.99
25312.0,151521280.0,1,1,12,3491,3,1,17,10,49.99
121.0,259436544.0,1,1,12,3212,3,1,1,1,5.99
7474.0,388883456.0,0,0,9,2995,4,1,1,6,99.99
697.0,573243392.0,1,1,9,1720,4,1,21,10,19.99
6.0,26591332.0,0,1,4,186,4,1,1,1,0.99
129.0,152649728.0,1,1,9,1690,4,1,1,4,4.99
8.0,73663488.0,1,1,4,328,3,1,33,0,0.0
122.0,202467328.0,0,0,9,3453,4,1,1,5,4.99
77.0,250686464.0,1,1,4,3947,3,1,1,7,99.99
26.0,18681856.0,0,1,4,608,4,1,2,0,0.0
5.0,75828224.0,0,0,4,865,3,1,1,0,0.0
5.0,85200896.0,1,1,4,900,4,1,1,0,0.0
74.0,28770304.0,0,1,4,1366,4,1,1,1,0.99
18935.0,507850752.0,1,1,4,1797,4,1,10,10,19.99
939.0,60776448.0,0,1,4,509,4,1,1,6,49.99
14.0,135890944.0,1,1,4,363,3,1,1,3,2.99
6.0,25905152.0,0,1,4,522,4,1,1,0,0.0
157.0,73814016.0,0,0,4,1420,4,1,1,0,0.0
8.0,1826816.0,0,1,4,470,4,1,1,0,0.0
251.0,167112704.0,0,1,4,2120,3,1,5,1,4.99
114.0,48596992.0,1,1,17,1533,6,1,1,10,99.99
227.0,40034304.0,0,1,12,438,3,1,1,10,11.99
2182.0,85761024.0,1,1,4,1157,4,1,1,0,0.0
7.0,310617088.0,0,1,9,908,2,1,1,5,19.99
48.0,390124544.0,0,0,12,924,4,1,1,2,1.99
34.0,47236096.0,0,1,4,1224,3,1,1,0,0.0
6.0,117185536.0,0,1,4,5486,4,1,1,6,5.99
18279.0,65495040.0,1,0,9,2158,3,1,1,9,5.99
22.0,92116992.0,1,1,17,1256,3,1,1,10,5.99
2750.0,1042084864.0,1,1,12,1205,3,1,1,10,19.99
63.0,395889664.0,0,0,12,729,6,1,6,10,54.99
10.0,18087936.0,0,1,4,611,4,1,27,1,0.99
22.0,64167936.0,1,1,4,653,4,1,1,1,2.99
13.0,8283136.0,1,1,4,781,4,1,1,0,0.0
8.0,25766912.0,0,1,4,944,3,1,1,0,0.0
6.0,18137088.0,0,1,4,881,4,1,1,1,2.99
5.0,77234176.0,0,1,4,394,4,1,1,0,0.0
5.0,13786112.0,0,1,4,1004,3,1,1,0,0.0
2217.0,40773632.0,0,1,9,1236,4,1,1,4,0.99
7097.0,862961664.0,0,1,9,2308,3,1,15,10,19.99
89.0,66269184.0,0,0,4,1427,4,1,1,2,1.99
32.0,11968146.0,0,1,4,148,4,1,1,0,0.0
14.0,18780160.0,0,1,9,3196,5,1,7,5,99.99
6.0,527739904.0,0,1,9,1625,3,1,1,0,0.0
138.0,71057408.0,0,1,9,1352,3,1,3,4,15.99
22.0,275836928.0,1,1,4,2857,4,1,9,10,39.99
172.0,246345728.0,0,1,4,433,3,1,6,1,2.99
26.0,290148352.0,0,1,4,949,4,1,10,5,14.99
23.0,186489856.0,0,1,12,1535,3,1,46,9,99.99
6.0,114416640.0,0,0,4,1182,4,1,1,4,1.99
5.0,128687104.0,1,1,4,722,3,1,1,0,0.0
5.0,1265664.0,1,1,4,271,4,1,1,0,0.0
16.0,408652800.0,0,1,9,1535,4,1,1,3,49.99
39.0,15391744.0,0,1,4,935,4,1,1,6,0.99
614.0,97945600.0,0,1,4,716,4,1,1,6,99.99
158.0,683757568.0,0,0,9,1691,3,1,1,5,5.99
13.0,10514432.0,0,0,4,3103,4,1,1,0,0.0
6.0,136237056.0,0,1,4,1390,3,1,1,0,0.0
30.0,118693888.0,0,0,9,404,3,1,22,10,19.99
1005.0,136067072.0,0,1,9,2281,3,1,1,10,99.99
21.0,19589120.0,0,1,4,266,3,1,1,1,0.99
29.0,8567808.0,0,1,4,1226,4,1,1,0,0.0
37.0,208935936.0,1,1,4,2388,4,1,7,10,19.99
73.0,188120064.0,1,0,9,1270,4,1,3,0,0.0
581.0,173731840.0,1,1,12,1897,5,1,8,5,99.99
33.0,4251064.0,0,1,4,1187,3,1,1,0,0.0
28.0,211264512.0,1,1,4,3044,4,1,1,5,49.99
84.0,113933312.0,0,0,12,2429,4,1,1,0,0.0
34632.0,110595072.0,1,1,9,2020,4,1,14,10,19.99
10.0,499049472.0,0,1,9,1165,3,1,1,2,4.99
16.0,41260032.0,0,0,4,1149,4,1,1,0,0.0
42.0,358830080.0,0,0,12,1748,3,1,1,0,0.0
24.0,20168704.0,0,1,4,1653,3,1,1,0,0.0
19.0,1243613184.0,0,0,12,2640,3,1,1,0,0.0
707.0,106439680.0,1,1,4,444,4,1,1,1,1.99
11.0,60138496.0,0,1,4,2060,4,1,1,0,0.0
14501.0,29254656.0,0,1,9,1560,4,1,1,1,0.99
14.0,17340416.0,0,1,4,991,4,1,1,4,4.99
5.0,11238400.0,1,1,4,241,4,1,3,0,0.0
266.0,4456448.0,0,1,4,183,3,1,1,0,0.0
28.0,23979008.0,0,1,4,873,4,1,1,0,0.0
1620.0,11439792.0,0,1,4,3710,3,1,1,0,0.0
5.0,137827328.0,1,1,9,969,4,1,3,4,44.99
178.0,11965728.0,0,1,4,729,4,1,1,0,0.0
39.0,119450624.0,0,1,12,962,4,1,6,10,99.99
180.0,27795456.0,0,1,4,527,4,1,1,0,0.0
7.0,164879360.0,0,0,9,2005,2,1,11,5,89.99
7.0,21158912.0,1,1,4,239,3,1,2,1,0.99
10.0,65507328.0,0,1,4,611,3,1,5,0,0.0
41.0,310301696.0,0,1,4,1014,3,1,1,0,0.0
6.0,10841088.0,0,0,17,3948,3,1,1,1,9.99
214.0,31986688.0,0,0,4,225,4,1,1,1,20.99
554.0,147481600.0,0,1,9,1763,3,1,1,0,0.0
845.0,141484032.0,0,1,4,1470,4,1,3,10,49.99
47.0,23356416.0,1,1,12,1114,4,1,2,8,99.99
8.0,198966272.0,1,1,4,2549,4,1,1,4,4.99
1460.0,26494976.0,0,0,4,3453,4,1,3,0,0.0
5.0,176190464.0,0,1,9,1294,3,1,1,10,49.99
2299.0,15076352.0,1,1,4,2627,4,1,4,10,4.99
6.0,18076672.0,1,1,4,2317,3,1,1,0,0.0
11.0,14458880.0,0,1,4,214,3,1,1,1,0.99
4291.0,275511296.0,1,1,12,3071,3,1,12,10,25.99
48.0,41090048.0,1,1,4,713,3,1,4,1,1.99
23527.0,277447052.0,0,1,12,1468,4,1,4,10,99.99
23601.0,1094317056.0,1,1,12,3558,3,1,11,12,19.99
34.0,186795008.0,1,1,12,1352,4,1,1,10,19.99
104.0,72614912.0,0,1,4,315,4,1,32,6,9.99
49.0,48119808.0,1,1,4,1051,4,1,4,1,0.99
55.0,82948096.0,0,1,4,1441,3,1,25,5,49.99
13.0,142316544.0,1,1,4,1306,4,1,1,7,39.99
10.0,130055168.0,1,1,4,334,3,1,1,0,0.0
8.0,226416640.0,1,1,4,1241,4,1,1,0,0.0
60.0,3892224.0,1,1,4,632,3,1,1,0,0.0
6082.0,364777472.0,1,1,9,1018,3,1,11,11,99.99
324.0,97252352.0,0,1,4,426,4,1,1,1,1.99
447.0,105192448.0,1,1,12,538,3,1,1,6,99.99
262.0,249381888.0,0,1,4,356,4,1,1,1,1.99
22.0,5005312.0,0,1,12,1438,3,1,7,10,29.99
76.0,128904192.0,1,1,4,1975,3,1,1,10,99.99
21.0,12184576.0,0,1,4,883,3,1,1,0,0.0
18.0,235813888.0,0,1,4,366,4,1,1,3,9.99
12.0,789177344.0,0,0,9,3107,3,1,1,0,0.0
7.0,99543040.0,1,1,9,2420,4,1,1,7,35.99
145.0,178384896.0,0,0,4,1201,4,1,6,1,1.99
90.0,56504320.0,0,1,4,1184,4,1,1,1,2.99
117.0,76858368.0,0,1,4,1580,4,1,5,4,9.99
61.0,95599616.0,1,1,4,1436,4,1,1,1,1.99
59.0,15949824.0,0,1,4,285,3,1,1,1,2.99
6.0,142823424.0,1,1,4,853,3,1,1,0,0.0
2797.0,211189760.0,0,1,17,1025,3,1,10,3,0.99
697.0,164793344.0,1,0,9,2920,3,1,6,10,49.99
7.0,9850880.0,0,0,4,1404,4,1,2,0,0.0
18.0,31581184.0,1,1,12,866,5,1,1,0,0.0
239.0,169892864.0,1,1,9,2424,3,1,11,6,89.99
7672.0,159821824.0,0,1,12,1622,3,1,6,10,99.99
6239.0,280869888.0,1,1,9,2699,2,1,12,10,19.99
24.0,49491968.0,0,1,9,711,4,1,1,2,2.99
42.0,61142016.0,1,1,4,793,6,1,2,0,0.0
39.0,78341120.0,1,1,9,1101,5,1,2,7,79.99
67.0,102100992.0,0,0,4,332,4,1,1,9,17.99
1765.0,317263872.0,1,1,12,2721,3,1,1,10,9.99
13.0,406896640.0,0,1,12,856,3,1,1,3,4.99
17.0,656250880.0,1,1,12,706,5,1,11,10,29.99
10.0,35073024.0,0,0,9,1481,4,1,1,1,1.99
11.0,29678592.0,0,0,12,465,3,1,1,0,0.0
32.0,122772480.0,0,1,17,274,3,1,1,4,7.99
7.0,121027584.0,1,1,17,1014,6,1,1,3,9.99
596.0,143496192.0,0,1,9,1408,3,1,1,10,49.99
6.0,13602816.0,0,1,4,483,3,1,2,0,0.0
4284.0,296724480.0,1,1,4,2139,4,1,9,10,49.99
118.0,19984384.0,0,1,12,1842,3,1,2,6,99.99
53.0,291180544.0,1,1,17,1558,4,1,1,4,47.99
1032.0,73037824.0,0,1,9,2413,4,1,7,10,49.99
7.0,57376768.0,0,0,12,1014,4,1,10,0,0.0
557.0,164403200.0,0,1,12,1266,3,1,1,10,31.99
651.0,104222720.0,1,1,9,2461,4,1,2,10,99.99
129.0,173299712.0,1,1,9,1353,3,1,1,4,9.99
22.0,848665600.0,1,0,4,2777,4,1,1,0,0.0
63431.0,704219136.0,1,1,9,1081,4,1,11,10,99.99
13156.0,158792704.0,1,1,4,2771,4,1,2,6,19.99
5.0,67229696.0,0,1,4,380,4,1,32,0,0.0
8.0,65466368.0,0,1,4,1063,3,1,1,5,24.99
96.0,52461568.0,0,1,4,1159,3,1,1,10,9.99
2933.0,27334656.0,0,1,4,691,3,1,1,0,0.0
4136.0,179816448.0,0,0,9,1834,3,1,1,0,0.0
470.0,16728064.0,0,1,9,321,4,1,16,1,0.99
2336.0,112144384.0,0,1,12,1720,4,1,15,10,99.99
17056.0,55803904.0,0,0,4,1473,4,1,1,10,5.99
609.0,339950592.0,0,0,12,1871,3,1,7,0,0.0
5.0,82038784.0,0,0,4,183,3,1,1,1,0.99
98.0,184811520.0,0,0,9,2068,5,1,1,0,0.0
776.0,64505856.0,0,1,4,2729,4,1,3,0,0.0
12.0,66524160.0,1,0,12,1600,5,1,1,0,0.0
5.0,75777024.0,1,1,4,955,3,1,1,0,0.0
15.0,112738304.0,1,1,17,455,3,1,1,1,0.99
26.0,10354688.0,1,0,12,1476,4,1,1,0,0.0
5.0,76365824.0,0,1,4,538,3,1,1,0,0.0
157.0,41309184.0,1,1,4,1301,4,1,2,0,0.0
92.0,136303616.0,1,1,17,1181,3,1,1,5,3.99
31.0,37027840.0,0,1,4,2296,4,1,1,1,0.99
22.0,320883712.0,1,1,4,2209,3,1,1,6,94.99
273687.0,7774384.0,0,1,9,875,4,1,1,3,2.99
13439.0,272582656.0,1,1,9,3399,3,1,7,10,49.99
29.0,28976128.0,0,1,4,1416,5,1,1,4,19.99
9.0,10908672.0,0,1,4,1013,4,1,1,3,44.99
15.0,123336704.0,0,0,9,689,4,1,1,0,0.0
5013.0,54787072.0,0,1,9,985,4,1,1,0,0.0
527.0,124108800.0,1,1,12,1746,4,1,18,10,99.99
30.0,51088384.0,0,1,4,1271,3,1,1,0,0.0
727.0,143720448.0,0,1,12,1853,3,1,1,10,99.99
84.0,7619584.0,0,0,4,497,4,1,1,0,0.0
167.0,61834240.0,0,1,12,1828,4,1,1,1,1.99
5.0,47851520.0,1,1,4,547,3,1,2,1,2.99
26.0,51300352.0,1,1,4,105,4,1,1,5,4.99
896.0,52033536.0,0,1,17,2056,4,1,1,6,4.99
9.0,281786368.0,0,1,9,2085,3,1,1,5,2.99
8.0,11554816.0,0,1,4,1572,3,1,1,0,0.0
70.0,39342357.0,0,1,9,2262,3,1,1,9,29.99
21.0,24187904.0,0,0,4,1441,3,1,1,3,2.99
45522.0,239225856.0,1,1,12,1438,3,1,16,10,49.99
96.0,45035520.0,0,1,4,1301,4,1,2,7,9.99
2595.0,73185280.0,0,1,4,343,4,1,1,1,0.99
32.0,102079488.0,1,1,4,728,4,1,1,0,0.0
8.0,120054784.0,0,0,9,603,3,1,1,0,0.0
53.0,18829312.0,0,1,4,1937,4,1,6,6,99.99
154.0,215453696.0,0,1,4,1752,4,1,1,10,19.99
4027.0,239495168.0,1,1,12,2369,4,1,9,10,19.99
12.0,7204864.0,0,0,4,472,3,1,4,0,0.0
56.0,181748736.0,1,1,4,1234,4,1,1,0,0.0
5.0,21838848.0,0,1,4,3945,4,1,1,1,1.99
10.0,10027008.0,0,1,4,2432,4,1,1,0,0.0
67.0,12423168.0,0,0,4,1482,3,1,1,0,0.0
12.0,73135104.0,0,1,4,810,4,1,1,0,0.0
24867.0,788805632.0,1,1,4,3404,3,1,11,10,99.99
41.0,29405184.0,0,1,4,1248,3,1,1,0,0.0
14689.0,97515520.0,1,1,9,787,3,1,1,10,94.99
1485.0,102242304.0,1,1,4,345,4,1,1,0,0.0
20.0,3919185.0,0,1,9,563,3,1,1,0,0.0
164.0,101545984.0,1,1,4,415,3,1,1,4,9.99
44.0,63971328.0,0,1,12,4147,4,1,3,0,0.0
8545.0,85752832.0,1,1,12,1455,4,1,8,3,7.99
61.0,30985216.0,1,1,4,512,4,1,1,3,5.99
1915.0,150327296.0,0,1,4,664,4,1,1,2,4.99
161.0,127150080.0,0,1,9,1904,3,1,1,1,1.99
53.0,74994688.0,0,1,4,341,4,1,1,0,0.0
31.0,8306688.0,0,1,4,624,3,1,1,0,0.0
1748.0,83760128.0,1,1,4,1356,4,1,1,10,99.99
5.0,5334016.0,0,1,4,684,4,1,1,0,0.0
31.0,7800832.0,0,1,4,197,4,1,1,0,0.0
1144.0,235303936.0,1,1,9,3825,4,1,24,11,19.99
288.0,111211520.0,1,1,4,322,3,1,3,0,0.0
62.0,72068096.0,1,1,4,1841,3,1,1,1,7.99
6.0,331694080.0,0,1,4,1147,3,1,5,3,6.99
6.0,84879360.0,0,1,4,1409,4,1,1,7,14.99
6.0,104798208.0,1,1,9,2201,4,1,1,4,6.99
33.0,394237952.0,1,1,9,2794,3,1,1,3,19.99
126.0,377682944.0,1,1,4,1128,3,1,1,5,1.99
6.0,79671296.0,0,1,9,3750,4,1,4,9,19.99
5.0,259741696.0,1,1,4,3898,4,1,2,2,3.99
15.0,53559296.0,0,1,4,573,3,1,1,5,4.99
33.0,45539328.0,0,1,4,712,4,1,1,1,2.99
9121.0,5421981.0,0,1,4,1705,4,1,1,0,0.0
29.0,172824576.0,0,1,17,788,4,1,1,0,0.0
275.0,157373440.0,1,1,4,2290,4,1,1,10,22.99
5.0,8965120.0,0,1,4,236,4,1,1,0,0.0
25.0,324127744.0,1,1,4,2684,3,1,1,5,9.99
5.0,112525312.0,1,1,4,943,4,1,1,6,99.99
3245.0,737247232.0,1,1,12,2157,4,1,16,7,99.99
868.0,15370240.0,0,1,12,354,4,1,1,0,0.0
535.0,18223104.0,0,1,4,1846,4,1,10,7,7.99
359.0,90418407.0,0,1,9,1703,5,1,1,8,2.99
28.0,330704896.0,1,1,12,2315,4,1,1,10,11.99
1312.0,23293770.0,0,1,4,2823,3,1,3,3,2.99
60.0,91047936.0,1,1,4,690,4,1,16,10,27.99
97.0,18582528.0,0,1,4,1105,2,1,1,1,1.99
197.0,97667072.0,0,1,17,1759,5,1,1,6,39.99
6.0,11386880.0,0,1,4,162,5,1,1,1,2.99
36581.0,69393408.0,1,1,4,761,4,1,1,0,0.0
22.0,80035840.0,0,1,4,904,4,1,8,1,0.99
2356.0,219420672.0,1,1,4,1050,4,1,7,10,99.99
7.0,74512384.0,1,1,17,3221,3,1,1,9,4.99
7.0,25745408.0,0,1,4,659,3,1,2,0,0.0
5.0,74536960.0,0,1,4,1457,4,1,2,4,4.99
1027.0,312684544.0,0,1,9,2025,4,1,33,10,99.99
104.0,133934080.0,1,1,4,2122,4,1,2,10,9.99
3518.0,565898240.0,1,1,9,1519,4,1,10,10,9.99
9.0,58249216.0,0,1,9,1207,3,1,1,6,4.99
15.0,18603008.0,0,1,4,709,3,1,1,0,0.0
9.0,21120000.0,0,1,4,2047,3,1,1,10,0.99
29.0,64237568.0,0,1,4,548,3,1,1,1,2.99
13.0,10585088.0,0,1,4,312,3,1,1,0,0.0
22.0,45342720.0,0,0,4,1068,4,1,1,2,0.99
7.0,6987776.0,0,0,9,1304,3,1,1,0,0.0
38.0,181280768.0,1,1,9,453,4,1,1,2,9.99
54.0,21868544.0,0,1,4,397,4,1,1,2,2.99
66.0,16949248.0,0,0,4,917,3,1,10,5,4.99
120.0,102140928.0,1,1,4,1820,4,1,1,10,9.99
5.0,10634240.0,0,0,4,547,4,1,1,0,0.0
11.0,44244992.0,0,1,4,744,4,1,1,1,2.99
15.0,12832768.0,0,1,4,422,4,1,1,1,1.99
1117.0,30482432.0,0,1,4,1377,3,1,1,1,1.99
8.0,153706496.0,1,0,9,1899,3,1,9,4,45.99
48.0,287682560.0,0,0,9,1997,4,1,1,0,0.0
8.0,24264704.0,0,1,4,987,4,1,1,7,99.99
9.0,235395072.0,1,1,4,267,4,1,1,0,0.0
5326.0,48809984.0,0,0,4,4121,4,1,1,3,4.99
27.0,19038208.0,0,1,4,1017,4,1,1,0,0.0
16195.0,144242688.0,1,1,12,2123,4,1,13,14,99.99
6.0,23060480.0,0,0,4,1185,4,1,1,0,0.0
332.0,33427456.0,0,1,4,289,4,1,1,0,0.0
18.0,73968640.0,1,1,4,2037,3,1,1,10,39.99
3909.0,131172352.0,0,1,17,1811,3,1,33,6,99.99
24426.0,160594944.0,1,1,4,1911,3,1,2,10,21.99
3148.0,8211491.0,0,1,9,1913,3,1,1,6,49.99
160.0,146788352.0,1,1,4,2243,4,1,1,10,11.99
23.0,10959872.0,0,1,4,307,3,1,1,1,1.99
23.0,108509184.0,0,1,9,1380,4,1,1,3,49.99
153052.0,125157376.0,1,1,12,3783,5,1,16,10,99.99
5.0,3294208.0,0,1,4,233,4,1,1,0,0.0
13.0,54743040.0,0,1,9,2056,3,1,25,6,7.99
15.0,29884416.0,0,1,4,1546,4,1,1,1,2.99
1848.0,1326164.0,0,1,4,547,3,1,2,0,0.0
16.0,76439552.0,0,1,4,1044,3,1,1,0,0.0
1761.0,322990080.0,1,1,12,1125,4,1,1,10,99.99
960.0,364954624.0,1,0,12,2522,5,1,1,0,0.0
5.0,118333440.0,0,1,4,1033,3,1,1,1,2.99
11.0,202474496.0,0,1,12,1931,3,1,1,10,99.99
84.0,26779648.0,0,1,4,655,4,1,1,9,19.99
8.0,12201984.0,0,1,4,1006,3,1,1,1,2.99
20.0,35459072.0,0,1,4,406,4,1,1,1,2.99
40.0,24490825.0,0,1,4,1417,4,1,4,6,29.99
1361.0,141209600.0,1,0,9,2402,3,1,12,1,0.99
13.0,17132032.0,0,1,4,327,3,1,1,1,0.99
31.0,37556224.0,0,1,4,554,6,1,4,3,3.99
208.0,206144512.0,0,1,9,4016,5,1,14,10,43.99
5.0,16911360.0,0,1,4,360,4,1,5,1,0.99
13.0,22233088.0,0,1,4,449,4,1,16,0,0.0
22.0,124765184.0,0,1,4,695,4,1,1,0,0.0
207.0,19580186.0,0,1,4,591,4,1,1,5,19.99
5759.0,65203200.0,0,1,9,1454,4,1,1,10,9.99
17.0,103730291.0,0,1,4,1392,4,1,8,1,4.99
1003.0,52358144.0,0,0,4,814,4,1,1,0,0.0
1563.0,691888128.0,0,1,12,2447,4,1,1,9,19.99
20.0,675552256.0,1,1,9,2716,3,1,1,10,49.99
59.0,80726016.0,0,0,4,1367,4,1,1,0,0.0
771.0,271047680.0,1,1,4,788,4,1,1,7,99.99
15.0,28087296.0,0,1,9,671,4,1,1,0,0.0
31686.0,194427904.0,1,1,12,1774,4,1,6,10,29.99
7.0,36371456.0,1,1,4,646,4,1,2,4,4.99
12.0,316265472.0,0,1,4,676,3,1,1,3,9.99
15.0,36989952.0,0,1,4,2167,4,1,1,5,9.99
22.0,4059136.0,0,1,4,433,3,1,1,0,0.0
154.0,33304576.0,0,1,4,488,3,1,1,3,3.99
1167.0,80489472.0,0,1,9,1360,4,1,1,10,9.99
3563.0,179090432.0,1,1,9,989,4,1,19,4,24.99
8.0,50040832.0,0,1,4,258,3,1,1,0,0.0
131.0,46710784.0,0,1,4,515,4,1,16,0,0.0
107.0,53571584.0,0,1,4,1049,4,1,1,10,8.99
1251.0,172523520.0,0,1,9,2042,4,1,7,10,14.99
41.0,92348416.0,0,0,4,1461,4,1,10,4,3.99
326.0,351791104.0,1,1,4,1284,3,1,1,5,19.99
31.0,22996992.0,0,1,4,213,2,1,1,1,0.99
333.0,98011136.0,0,1,12,1121,4,1,1,6,99.99
5.0,7249920.0,0,1,4,147,4,1,1,1,0.99
470.0,70507520.0,1,1,4,972,4,1,1,1,1.99
103.0,148036608.0,0,1,9,967,3,1,1,0,0.0
5851.0,63917056.0,1,1,4,508,4,1,1,4,3.99
77.0,266276864.0,1,1,4,1249,3,1,4,2,7.99
8.0,16911360.0,1,1,4,232,3,1,1,0,0.0
25433.0,230507520.0,1,1,4,912,3,1,1,11,19.99
104.0,284942336.0,1,1,9,2487,4,1,1,10,59.99
13.0,40824078.0,0,1,4,944,3,1,3,1,0.99
15.0,9887744.0,0,1,4,461,4,1,1,0,0.0
13.0,130317312.0,1,1,4,747,3,1,8,10,99.99
7.0,28347392.0,1,1,4,233,4,1,1,0,0.0
119.0,60750848.0,0,1,4,1282,3,1,16,2,9.99
460.0,458223616.0,1,1,9,2612,5,1,1,10,99.99
2644.0,334893056.0,1,1,9,3915,4,1,10,10,9.99
82.0,113680384.0,1,1,4,4272,3,1,1,7,18.99
220.0,119997440.0,0,1,9,1494,3,1,1,7,29.99
37.0,42821632.0,1,1,9,3105,5,1,1,10,44.99
104.0,174277632.0,1,1,12,752,3,1,1,0,0.0
123.0,46495744.0,1,1,4,687,4,1,4,1,0.99
54.0,282017792.0,0,0,4,1253,4,1,11,0,0.0
43.0,185552896.0,1,1,12,3591,3,1,7,0,0.0
14.0,18780160.0,0,1,9,740,4,1,16,8,2.99
15.0,27840756.0,0,1,4,530,4,1,1,4,4.99
3455.0,31571968.0,0,1,4,620,4,1,1,0,0.0
13.0,181812224.0,0,0,12,553,3,1,4,0,0.0
9.0,58818560.0,0,0,9,420,4,1,1,0,0.0
50.0,64470016.0,0,1,12,2445,5,1,1,0,0.0
156.0,155922432.0,1,1,4,735,4,1,1,9,32.99
4985.0,528292864.0,0,0,12,1902,4,1,1,10,19.99
6.0,8744960.0,0,1,4,176,4,1,1,0,0.0
11.0,18468864.0,0,1,17,4144,4,1,2,0,0.0
48.0,50360320.0,0,1,4,1891,4,1,1,10,7.99
21.0,6375215.0,0,1,4,1654,3,1,2,0,0.0
199.0,536940544.0,1,0,4,2588,3,1,1,0,0.0
384.0,10228736.0,0,1,4,117,4,1,2,0,0.0
24.0,158401536.0,0,1,4,57,3,1,1,2,1.99
58.0,53837824.0,0,1,4,645,4,1,1,5,2.99
249.0,34492416.0,0,0,9,3510,4,1,1,6,2.99
4593.0,1191821312.0,1,1,12,2473,4,1,17,10,19.99
9.0,65063936.0,0,0,4,1508,4,1,1,0,0.0
59.0,57085952.0,1,0,4,2616,4,1,1,0,0.0
16.0,106637312.0,1,1,17,1944,5,1,1,1,3.99
15.0,3166208.0,0,1,4,465,4,1,8,0,0.0
6.0,20787200.0,0,1,4,488,3,1,8,0,0.0
4424.0,30310400.0,0,0,4,1487,4,1,8,0,0.0
8.0,83041280.0,0,1,4,324,4,1,1,0,0.0
1032.0,116955136.0,1,1,9,2286,4,1,5,10,14.99
31.0,23441408.0,1,1,4,1739,4,1,1,1,1.99
43.0,28307456.0,0,1,4,594,4,1,1,5,9.99
19.0,121237504.0,0,1,17,493,4,1,4,6,8.99
44.0,252798976.0,1,1,17,1305,6,1,1,4,9.99
2740.0,195325952.0,1,1,4,3361,5,1,1,10,59.99
33.0,24707072.0,0,1,9,296,4,1,1,8,4.99
7.0,71773184.0,1,1,9,354,3,1,1,0,0.0
98.0,11632640.0,0,0,4,1725,4,1,4,0,0.0
638.0,70830080.0,0,1,9,215,3,1,25,4,49.99
24.0,33141760.0,0,0,4,947,4,1,2,0,0.0
6.0,191533056.0,1,1,9,1704,4,1,2,3,2.99
360.0,493740032.0,0,1,12,3689,4,1,1,10,99.99
13.0,441885696.0,1,1,4,467,3,1,1,0,0.0
20.0,45417472.0,0,1,4,577,4,1,1,5,9.99
2752.0,252395520.0,1,1,4,3127,4,1,1,10,12.99
161.0,101021696.0,0,1,4,2735,4,1,1,6,48.99
7.0,25267200.0,0,1,12,990,6,1,1,0,0.0
15906.0,318954496.0,0,1,9,2521,3,1,1,8,29.99
7.0,34647040.0,0,1,4,1554,4,1,1,0,0.0
40.0,22424576.0,0,1,4,1386,4,1,1,0,0.0
166.0,10318615.0,0,1,4,1419,4,1,4,0,0.0
210.0,46969591.0,0,1,9,1458,3,1,1,5,19.99
128.0,68579155.0,0,1,4,2247,3,1,1,0,0.0
992.0,150829056.0,0,1,9,1053,4,1,25,10,49.99
5.0,12394496.0,0,1,4,282,4,1,1,0,0.0
242.0,166424576.0,1,0,12,1142,3,1,9,3,1.99
7319.0,297984000.0,1,1,12,909,5,1,1,5,29.99
42.0,22295117.0,0,1,9,617,3,1,16,0,0.0
4654.0,835738624.0,1,1,12,1662,5,1,6,10,49.99
8252.0,280729600.0,0,1,4,1656,5,1,1,10,49.99
8.0,35743744.0,1,1,4,244,4,1,1,0,0.0
11.0,58326016.0,1,1,4,156,4,1,3,0,0.0
32.0,7240704.0,0,0,9,772,3,1,1,0,0.0
56.0,58835968.0,0,1,4,931,4,1,1,4,2.99
84.0,29378560.0,0,1,4,634,4,1,1,0,0.0
578.0,295038976.0,0,1,9,1047,5,1,1,10,99.99
17984.0,385531904.0,1,1,12,2103,4,1,11,10,21.99
676.0,121187328.0,0,0,4,3141,3,1,11,0,0.0
103.0,130832384.0,0,0,12,1288,3,1,9,6,0.99
2601.0,157598720.0,1,1,4,716,4,1,1,0,0.0
7.0,306771968.0,1,1,9,592,3,1,1,2,19.99
30.0,38666015.0,0,1,4,647,3,1,1,0,0.0
5.0,223212544.0,1,1,9,4028,3,1,1,2,3.99
8805.0,72888320.0,1,1,4,298,4,1,1,1,2.99
14.0,10141696.0,0,1,4,189,3,1,1,0,0.0
670.0,239529984.0,1,1,9,1773,4,1,1,10,49.99
17.0,5271552.0,0,1,17,334,3,1,1,0,0.0
7553.0,290796544.0,1,1,9,1891,4,1,30,10,99.99
15.0,251681792.0,1,1,4,1659,3,1,1,1,0.99
5.0,174637056.0,0,1,4,484,4,1,1,2,9.99
52.0,17515520.0,0,1,12,1184,3,1,1,1,0.99
15.0,200081408.0,0,1,4,939,4,1,1,1,1.99
94.0,28015888.0,0,1,4,401,3,1,1,0,0.0
16409.0,185331712.0,0,1,4,1076,4,1,6,4,4.99
26.0,29104128.0,0,1,4,835,4,1,1,1,0.99
45.0,218650624.0,0,1,4,1256,4,1,1,0,0.0
28.0,46368768.0,0,1,4,2373,4,1,12,1,0.99
12.0,106354688.0,0,1,9,1897,3,1,1,0,0.0
49.0,13680640.0,0,1,4,886,4,1,1,1,0.99
6.0,22599680.0,1,1,4,105,3,1,1,1,1.99
37.0,101123893.0,0,1,9,1879,2,1,1,0,0.0
171.0,139060224.0,1,1,9,2922,5,1,5,10,99.99
6.0,63917056.0,0,1,4,1469,4,1,2,10,19.99
6.0,15687680.0,0,1,4,780,3,1,1,0,0.0
34.0,193906688.0,0,1,12,1198,5,1,1,9,99.99
458.0,20086113.0,0,1,4,1412,6,1,1,0,0.0
1461.0,2584622.0,0,1,4,548,3,1,2,0,0.0
42.0,79738880.0,0,1,4,341,4,1,2,4,4.99
26.0,6635520.0,0,1,4,419,4,1,1,0,0.0
6.0,209886208.0,0,1,12,839,4,1,1,7,10.99
187.0,425495552.0,1,0,9,2002,4,1,4,0,0.0
757.0,106171392.0,0,1,12,2002,3,1,1,10,14.99
99.0,191177728.0,0,0,9,2367,4,1,8,10,0.99
13.0,81879040.0,0,1,12,1251,5,1,9,1,0.99
5755.0,668668928.0,1,0,4,2976,4,1,5,10,4.99
38.0,8422400.0,0,1,4,465,4,1,1,0,0.0
6.0,12217344.0,0,1,4,208,4,1,2,1,2.99
17.0,24059904.0,1,0,4,2790,4,1,1,0,0.0
8.0,23543808.0,1,1,4,797,4,1,2,0,0.0
13.0,21016576.0,0,1,4,2134,4,1,1,0,0.0
7.0,9431040.0,1,1,4,824,4,1,1,0,0.0
676.0,225798144.0,1,1,12,4045,3,1,14,10,8.99
254.0,8762368.0,1,1,4,1565,3,1,1,1,1.99
126.0,67441664.0,1,1,4,990,5,1,4,5,24.99
5.0,318094336.0,0,1,9,2195,6,1,1,0,0.0
17.0,127609856.0,1,1,4,2094,4,1,1,1,7.99
5.0,433865728.0,0,1,4,1045,3,1,1,0,0.0
7.0,107980800.0,0,1,12,1473,3,1,1,10,4.99
22.0,59715584.0,0,1,9,1890,3,1,1,0,0.0
7.0,138937344.0,0,1,9,2811,5,1,3,3,9.99
14.0,19201024.0,0,1,4,391,3,1,31,10,2.99
279.0,14837760.0,1,1,4,2347,4,1,3,10,1.99
14.0,175015936.0,0,1,9,1889,3,1,1,2,0.99
38.0,49048576.0,1,1,4,490,4,1,1,1,1.99
15.0,129359872.0,1,1,12,380,4,1,1,0,0.0
164.0,50784256.0,0,1,4,385,5,1,2,0,0.0
15753.0,71420928.0,1,1,4,325,4,1,1,0,0.0
484.0,286038016.0,1,1,4,962,4,1,1,4,9.99
7.0,33144832.0,0,1,4,48,4,1,1,2,0.99
12.0,21361664.0,0,1,12,1524,4,1,1,1,4.99
2573.0,259620864.0,1,1,12,4086,4,1,9,10,99.99
49.0,5049774.0,0,1,9,803,4,1,1,0,0.0
219230.0,164150272.0,1,1,9,2111,4,1,1,10,19.99
3696.0,108463104.0,0,1,4,238,5,1,1,10,9.99
13.0,34190336.0,0,0,12,1092,3,1,1,0,0.0
8.0,48218112.0,0,1,4,819,3,1,1,1,29.99
39.0,71217711.0,0,1,9,1804,4,1,3,5,9.99
23.0,40333312.0,1,1,4,618,3,1,1,1,0.99
9.0,19858432.0,0,0,4,292,4,1,3,0,0.0
326.0,217735168.0,0,1,9,1347,4,1,1,9,19.99
5.0,163671040.0,0,1,9,395,3,1,1,0,0.0
234.0,1098368.0,0,1,4,572,3,1,1,0,0.0
7603.0,281744384.0,1,1,4,952,3,1,7,10,19.99
285.0,4005591040.0,0,0,12,1289,3,1,6,0,0.0
249.0,80476160.0,0,1,4,502,3,1,25,5,49.99
172.0,98649088.0,1,1,9,688,4,1,1,6,99.99
737.0,59962368.0,0,1,4,734,3,1,1,0,0.0
41.0,554553344.0,0,1,9,1289,3,1,5,3,3.99
19.0,36243456.0,1,1,4,269,5,1,1,0,0.0
10.0,84798464.0,0,1,12,484,3,1,7,10,10.99
354.0,45712384.0,1,1,4,348,4,1,2,1,1.99
447.0,60652544.0,0,1,4,934,4,1,1,5,19.99
34.0,51117056.0,1,1,4,179,3,1,1,0,0.0
35.0,12773376.0,0,0,4,3734,4,1,1,0,0.0
5216.0,80051200.0,1,1,4,1728,5,1,5,0,0.0
270.0,302907392.0,0,1,4,1270,4,1,1,10,19.99
40.0,51537920.0,1,1,4,469,4,1,33,1,0.99
11.0,175341568.0,1,1,9,1863,4,1,1,9,99.99
67.0,78302208.0,0,0,4,675,4,1,1,0,0.0
112.0,104875008.0,1,1,4,362,4,1,3,0,0.0
5.0,12455936.0,0,1,4,1043,3,1,1,1,2.99
9827.0,931419136.0,1,1,4,1402,4,1,1,10,19.99
1068.0,43182080.0,1,1,9,818,3,1,1,10,14.99
238.0,637666304.0,1,1,12,1235,4,1,1,7,49.99
46.0,42488832.0,0,0,4,1076,3,1,1,0,0.0
725.0,138998784.0,1,1,12,901,4,1,4,10,99.99
2144.0,129245184.0,1,1,12,1829,4,1,18,10,99.99
22.0,272168960.0,1,1,9,1579,3,1,1,5,49.99
203.0,124854272.0,0,1,9,1670,3,1,1,0,0.0
8.0,17064960.0,0,1,4,16,3,1,65,0,0.0
12.0,28618752.0,0,1,4,1533,3,1,1,3,4.99
8.0,24426547.0,0,1,9,1475,4,1,1,0,0.0
14789.0,24502272.0,0,1,9,3503,4,1,1,4,3.99
101.0,389223424.0,1,1,12,650,4,1,1,8,99.99
1172.0,54370304.0,0,1,9,807,3,1,3,10,99.99
6.0,15663104.0,0,1,4,161,4,1,1,0,0.0
62.0,66834432.0,0,1,9,1700,2,1,1,10,29.99
5.0,11601920.0,0,0,4,6,3,1,1,0,0.0
188.0,70050816.0,1,0,4,4034,3,1,1,6,4.99
832.0,191513600.0,1,0,4,4086,4,1,1,1,0.99
26.0,74465280.0,0,1,4,513,3,1,2,5,19.99
5.0,80580608.0,0,1,4,582,2,1,3,2,1.99
8.0,18841600.0,0,1,4,498,3,1,1,1,2.99
27.0,31928390.0,0,1,4,1086,4,1,10,0,0.0
12.0,101140480.0,0,1,4,1255,4,1,1,1,0.99
456.0,264181760.0,0,1,4,934,5,1,12,7,99.99
17.0,17133371.0,0,1,9,1151,4,1,2,0,0.0
59.0,40513536.0,0,1,4,602,4,1,1,5,4.99
5.0,90009600.0,0,1,4,294,4,1,1,2,0.99
9.0,37900288.0,0,1,4,295,3,1,1,1,2.99
122.0,35686400.0,1,1,12,920,3,1,9,0,0.0
487.0,90745856.0,1,1,4,2281,4,1,2,0,0.0
8.0,9010176.0,0,1,4,1004,4,1,2,0,0.0
56.0,70335488.0,1,1,4,1825,5,1,1,1,2.99
23.0,6000640.0,0,0,9,943,4,1,1,0,0.0
829.0,57778176.0,0,1,12,3391,5,1,1,10,4.99
104.0,123486208.0,0,1,9,1782,3,1,1,0,0.0
11721.0,201666560.0,1,1,12,1967,4,1,1,10,25.99
151.0,19046400.0,0,0,4,510,3,1,1,0,0.0
4556.0,36059136.0,0,1,9,1212,3,1,1,1,0.99
1132.0,109392896.0,0,1,4,892,3,1,6,2,2.99
15.0,172822528.0,0,1,9,509,3,1,1,0,0.0
8.0,36958208.0,0,1,4,220,4,1,1,1,2.99
273.0,229073920.0,1,1,9,2842,3,1,10,10,94.99
97776.0,133326848.0,1,0,9,1526,4,1,15,10,19.99
139.0,14411776.0,1,1,4,2389,4,1,3,10,7.99
13.0,90817536.0,0,0,12,1178,4,1,1,0,0.0
12.0,513053696.0,1,1,4,926,3,1,1,10,0.99
12.0,94260224.0,1,1,12,2968,4,1,1,2,9.99
79.0,131782656.0,1,0,4,672,4,1,3,0,0.0
45.0,73980928.0,0,1,4,1646,3,1,2,1,2.99
55.0,42617099.0,0,1,9,1075,4,1,1,1,1.99
2943.0,775446528.0,1,1,12,1770,2,1,1,10,99.99
137.0,97116160.0,1,1,4,2004,4,1,6,2,2.99
207.0,23740416.0,0,0,4,3408,4,1,1,0,0.0
13.0,4843520.0,1,1,4,1773,4,1,1,0,0.0
4889.0,84703232.0,0,1,9,709,3,1,1,3,0.99
264.0,59821056.0,1,1,4,820,3,1,1,0,0.0
7.0,127353856.0,0,1,4,230,4,1,1,5,39.99
66.0,102670336.0,0,1,4,1143,4,1,1,4,99.99
10.0,125225984.0,1,1,4,120,3,1,1,0,0.0
6.0,39842816.0,1,1,4,1184,3,1,31,1,9.99
5.0,103013376.0,0,1,9,557,4,1,1,1,0.99
187.0,59492352.0,0,1,4,1248,4,1,1,7,4.99
696.0,737705984.0,1,1,12,4246,3,1,1,8,99.99
14301.0,85209088.0,0,1,4,795,4,1,6,3,2.99
8376.0,674816.0,0,1,4,582,3,1,1,0,0.0
709.0,61742080.0,0,0,9,2894,4,1,4,0,0.0
4334.0,231161856.0,1,1,9,1361,4,1,15,7,99.99
18060.0,163481600.0,0,1,12,3558,3,1,11,10,99.99
15445.0,115317760.0,1,1,9,2091,4,1,13,10,9.99
122.0,94126080.0,0,1,12,1346,3,1,1,2,2.99
1018.0,10652411.0,0,1,4,1408,3,1,10,1,0.99
338.0,110510080.0,0,1,4,1945,4,1,3,10,19.99
11.0,166292480.0,0,1,12,2486,3,1,2,1,4.99
12.0,82418688.0,0,1,9,610,4,1,1,2,0.99
256.0,169820160.0,0,1,9,1554,3,1,9,5,39.99
8.0,195235840.0,1,1,4,1790,3,1,1,1,2.99
20.0,1214346240.0,0,1,12,1199,4,1,3,10,89.99
372.0,411083776.0,0,0,12,1644,3,1,1,3,2.99
157.0,339637248.0,1,1,4,1502,4,1,11,3,5.99
6.0,120406016.0,1,1,17,275,4,1,1,0,0.0
1374.0,23669760.0,1,0,4,2669,2,1,12,5,3.99
529.0,40698880.0,0,1,4,1863,4,1,1,0,0.0
253.0,754333696.0,0,0,17,3176,3,1,1,8,0.99
47.0,73905152.0,1,1,4,1066,3,1,25,0,0.0
101.0,313133056.0,1,1,12,601,3,1,5,7,99.99
89.0,16939008.0,0,0,4,622,3,1,1,0,0.0
14.0,5672960.0,0,1,4,285,3,1,1,0,0.0
5.0,17182720.0,0,1,4,439,4,1,2,5,19.99
4776.0,356920320.0,1,1,9,1039,4,1,1,10,9.99
201.0,28520448.0,0,1,4,2037,4,1,1,0,0.0
21.0,83496960.0,0,1,4,378,3,1,16,0,0.0
11.0,51577856.0,1,1,4,1292,4,1,1,1,2.99
48.0,51494912.0,0,1,4,1295,3,1,1,1,2.99
24.0,15969280.0,0,1,4,368,3,1,2,0,0.0
338.0,16916480.0,0,1,4,201,4,1,1,1,0.99
563.0,49983488.0,0,1,4,777,4,1,25,7,99.99
7.0,7654754.0,0,1,4,715,3,1,1,0,0.0
3343.0,264516608.0,1,1,4,1081,5,1,1,10,13.99
13.0,4727085.0,0,1,4,546,4,1,1,10,1.99
301.0,157533184.0,0,1,12,888,3,1,1,10,31.99
48.0,93532542.0,0,1,4,908,4,1,1,3,2.99
1864.0,56971264.0,0,1,4,953,3,1,16,5,2.99
64.0,24739840.0,0,1,4,1237,3,1,1,0,0.0
148.0,110086144.0,0,1,4,1805,4,1,1,9,49.99
5.0,1130496.0,0,1,4,1251,3,1,2,0,0.0
25.0,52150272.0,0,1,17,1506,3,1,10,9,19.99
3253.0,214971392.0,1,1,12,2240,3,1,1,8,99.99
26.0,15232000.0,1,1,4,580,4,1,1,1,0.99
610.0,29645824.0,0,1,4,944,4,1,1,0,0.0
6.0,5701632.0,0,1,4,291,5,1,1,0,0.0
101.0,74260480.0,1,1,4,1830,4,1,1,0,0.0
65.0,144876544.0,1,1,12,2724,4,1,1,10,24.99
48.0,131017728.0,1,1,4,1244,3,1,1,0,0.0
18.0,252367872.0,0,1,12,1367,4,1,1,0,0.0
5.0,103555072.0,1,1,4,582,4,1,1,6,8.99
1229.0,28633088.0,1,0,4,1461,4,1,1,0,0.0
796.0,43955148.0,0,1,4,584,4,1,1,0,0.0
11.0,66998272.0,1,1,9,1518,3,1,1,1,4.99
59.0,91413504.0,1,1,4,1580,4,1,1,1,1.99
5.0,77631488.0,0,1,4,665,3,1,11,4,49.99
13.0,13279232.0,0,1,4,346,4,1,1,0,0.0
12.0,64199680.0,1,1,4,592,4,1,3,0,0.0
14.0,244158464.0,0,1,9,1188,4,1,1,1,4.99
101.0,7376896.0,0,1,4,790,4,1,2,0,0.0
188.0,3125248.0,0,1,12,628,3,1,1,1,2.99
20.0,283133952.0,1,1,4,437,4,1,1,10,8.99
11.0,301870080.0,1,1,4,716,4,1,8,4,9.99
48.0,390124544.0,0,0,12,924,4,1,1,2,1.99
108.0,88498176.0,0,1,9,481,4,1,1,0,0.0
205.0,107416576.0,1,1,4,2478,4,1,3,10,29.99
8.0,66088960.0,1,1,4,1214,4,1,4,3,9.99
27676.0,37891072.0,1,1,4,1256,4,1,4,5,49.99
51911.0,165534720.0,1,1,12,1440,4,1,11,10,19.99
424.0,2547534848.0,1,0,12,2110,3,1,7,0,0.0
171.0,25603072.0,1,1,4,1711,4,1,29,2,4.99
22.0,26120192.0,1,1,4,214,4,1,1,0,0.0
981.0,272955392.0,1,1,12,680,3,1,8,10,99.99
3435.0,98975744.0,0,1,12,785,4,1,1,10,49.99
34.0,377545728.0,0,1,12,2182,4,1,45,6,99.99
914.0,14018005.0,0,1,4,2778,4,1,1,0,0.0
5.0,156164096.0,1,1,12,1512,4,1,1,3,5.99
19.0,7548928.0,0,1,4,313,3,1,1,1,1.99
12.0,32532480.0,1,1,4,279,4,1,1,0,0.0
68.0,15029248.0,0,1,4,249,4,1,31,0,0.0
698.0,34198528.0,0,0,9,2894,4,1,4,0,0.0
266.0,82834432.0,0,1,4,606,4,1,6,10,9.99
7.0,495719424.0,1,1,12,9326,3,1,2,10,19.99
65.0,91590656.0,0,1,4,3330,3,1,3,3,19.99
6.0,23110656.0,0,1,4,431,4,1,1,1,0.99
21.0,35332096.0,0,1,4,954,4,1,1,0,0.0
5.0,9411584.0,0,1,4,336,4,1,2,2,31.99
23.0,410138624.0,0,1,9,958,3,1,1,4,19.99
139.0,320424960.0,0,1,4,6270,4,1,1,6,9.99
6.0,856064.0,0,1,4,535,3,1,1,0,0.0
5.0,6438912.0,1,1,4,950,3,1,2,0,0.0
598.0,1837178880.0,1,1,12,2942,5,1,11,10,99.99
1900.0,39472128.0,1,1,9,785,4,1,1,0,0.0
15.0,209715200.0,1,1,9,351,3,1,11,1,19.99
5275.0,55033856.0,0,1,9,2139,4,1,1,5,29.99
6.0,356352.0,0,1,4,40,4,1,1,0,0.0
6.0,36671488.0,1,1,4,707,4,1,1,0,0.0
18.0,358365184.0,1,1,9,1830,3,1,2,2,3.99
7.0,97280000.0,1,1,4,1635,4,1,1,1,1.99
7.0,104445952.0,0,1,9,1816,4,1,2,4,19.99
30.0,184285184.0,0,1,4,1692,4,1,1,1,4.99
6.0,12566528.0,0,1,4,486,4,1,1,1,0.99
10785.0,52757132.0,0,1,12,1069,4,1,5,1,1.99
89.0,762607616.0,0,0,9,3195,3,1,5,0,0.0
1145.0,267748352.0,1,1,4,2074,4,1,1,10,99.99
43.0,11699023.0,0,1,4,341,4,1,5,2,1.99
2740.0,53367808.0,0,0,12,967,5,1,2,7,19.99
263.0,32832512.0,1,0,4,1527,4,1,1,0,0.0
7.0,203325440.0,0,1,4,1220,2,1,1,0,0.0
453.0,58321920.0,1,1,4,542,4,1,14,10,10.99
2085.0,392590336.0,1,1,9,1611,4,1,5,10,99.99
111.0,313815040.0,0,0,4,2167,3,1,1,0,0.0
95.0,186829824.0,1,1,17,541,4,1,1,0,0.0
162.0,16644096.0,0,1,4,562,4,1,1,6,7.99
45.0,4509696.0,0,1,4,193,3,1,1,0,0.0
22.0,216645632.0,1,1,17,488,4,1,1,0,0.0
119.0,29151232.0,0,1,4,1338,4,1,1,1,0.99
8.0,68758528.0,1,1,4,814,4,1,1,0,0.0
104733.0,233630720.0,1,1,4,1554,3,1,1,5,99.99
9.0,7402641.0,0,1,4,846,4,1,1,0,0.0
12.0,55969792.0,0,1,4,318,3,1,1,0,0.0
9.0,319844352.0,0,1,4,678,4,1,1,0,0.0
13.0,12119040.0,0,0,4,3111,4,1,1,0,0.0
57.0,82216960.0,1,1,4,1577,4,1,1,1,1.99
15.0,75553792.0,0,1,4,2987,4,1,5,0,0.0
6.0,111013888.0,1,0,4,2942,4,1,1,1,1.99
8.0,31296512.0,1,1,9,492,5,1,3,4,24.99
36.0,77357056.0,0,1,12,1476,5,1,1,4,9.99
77.0,54265856.0,0,1,12,602,4,1,1,0,0.0
5089.0,134181888.0,0,1,4,1526,4,1,6,10,29.99
6.0,161506304.0,0,1,9,2201,3,1,1,1,0.99
382.0,192766976.0,1,1,9,2508,4,1,1,6,99.99
353.0,88235008.0,1,0,4,3924,3,1,1,6,4.99
474.0,171937792.0,1,1,4,2261,4,1,1,10,19.99
23.0,244293632.0,0,1,9,1045,4,1,1,0,0.0
52.0,186358784.0,1,1,4,881,4,1,1,0,0.0
30.0,13529088.0,0,1,4,1394,4,1,2,5,2.99
458.0,150909952.0,0,0,12,3099,4,1,1,0,0.0
17.0,69203968.0,1,1,9,1116,4,1,1,1,4.99
140.0,309127168.0,0,1,4,1712,4,1,2,1,3.99
1204.0,1308950528.0,1,1,12,942,4,1,1,0,0.0
18.0,22569984.0,0,1,9,677,3,1,1,1,3.99
863.0,33033216.0,0,0,4,1903,4,1,2,0,0.0
733.0,31388320.0,0,1,12,1218,4,1,1,3,0.99
78.0,28237824.0,0,1,4,497,4,1,3,4,19.99
100.0,47011298.0,0,0,9,1017,4,1,7,0,0.0
8.0,85381120.0,0,1,9,1567,4,1,1,0,0.0
32.0,304284672.0,1,1,12,519,3,1,1,5,5.99
7.0,38150144.0,0,1,4,460,3,1,1,1,0.99
7.0,49074176.0,0,1,12,1832,6,1,1,4,14.99
7.0,258540544.0,1,1,17,493,4,1,1,0,0.0
574.0,185189376.0,1,0,4,1474,4,1,1,0,0.0
239.0,130814976.0,1,0,9,1784,3,1,5,10,49.99
20.0,17698816.0,0,1,4,210,4,1,1,1,0.99
41024.0,11283887.0,0,1,9,2083,3,1,1,6,49.99
7.0,42070016.0,0,1,4,1019,4,1,1,9,19.99
82.0,117707776.0,1,1,4,789,5,1,11,8,99.99
47.0,23917568.0,0,1,12,1227,3,1,1,1,2.99
32.0,418069504.0,1,0,4,1522,4,1,1,0,0.0
16.0,5481472.0,0,1,4,864,4,1,1,0,0.0
40.0,2004992.0,0,1,4,500,3,1,1,0,0.0
5.0,310099968.0,0,1,9,160,3,1,1,0,0.0
75.0,260974592.0,1,1,17,1447,4,1,1,3,99.99
871.0,17614848.0,0,0,4,2235,4,1,2,0,0.0
5.0,115847168.0,0,1,4,172,4,1,2,2,4.99
8.0,44364800.0,1,1,4,274,4,1,1,0,0.0
15.0,41324544.0,0,1,4,1297,3,1,2,0,0.0
2692.0,358742016.0,1,1,12,2628,5,1,19,10,99.99
36.0,38636544.0,1,0,4,2015,4,1,3,3,4.99
10.0,403254272.0,1,0,12,1061,3,1,1,0,0.0
422.0,155245568.0,1,1,12,1431,5,1,1,6,99.99
20.0,253339648.0,0,0,4,1477,4,1,1,0,0.0
16.0,158375936.0,0,1,4,204,4,1,30,6,69.99
185.0,62681088.0,1,1,9,508,3,1,3,10,19.99
18.0,10098688.0,0,0,4,1172,3,1,17,0,0.0
8.0,46948352.0,0,1,4,1621,4,1,1,1,0.99
10.0,12488704.0,0,1,4,119,4,1,1,0,0.0
1534.0,332589056.0,1,1,9,1764,3,1,15,10,99.99
20.0,23650304.0,0,1,12,967,3,1,1,0,0.0
331.0,82677264.0,0,1,4,942,4,1,2,10,19.99
90214.0,43198464.0,0,1,4,937,5,1,15,6,2.99
41.0,557350912.0,0,0,12,984,4,1,10,0,0.0
43.0,107823104.0,1,1,9,3574,2,1,5,5,19.99
21.0,134001664.0,1,1,4,1591,3,1,10,8,49.99
19903.0,463847424.0,0,1,12,1494,3,1,1,10,19.99
8525.0,202220544.0,1,1,12,2234,4,1,10,10,29.99
18.0,16499712.0,0,1,4,2291,4,1,1,0,0.0
40729.0,188702720.0,1,1,12,1544,6,1,13,10,99.99
48689.0,157048832.0,1,1,12,1531,3,1,12,10,99.99
21.0,82273280.0,0,1,4,1132,4,1,16,0,0.0
25.0,8687616.0,0,1,4,170,3,1,1,1,0.99
164.0,411834368.0,0,1,4,547,4,1,1,7,9.99
2433.0,135680000.0,1,1,12,1197,3,1,7,9,21.99
22.0,15831040.0,0,1,4,186,4,1,1,1,1.99
737.0,83298304.0,1,0,4,2779,3,1,1,0,0.0
1108.0,87710720.0,0,1,4,923,4,1,1,2,1.99
27.0,185323520.0,0,1,4,975,4,1,1,0,0.0
10.0,763277312.0,0,1,12,2746,4,1,1,3,49.99
12.0,53182464.0,1,1,4,368,4,1,1,1,0.99
52.0,10285056.0,1,1,4,204,3,1,1,0,0.0
24.0,17360896.0,1,1,9,305,4,1,2,0,0.0
17.0,2708572.0,0,1,4,1324,4,1,2,0,0.0
55.0,1389541376.0,0,1,9,1132,3,1,1,10,14.99
4090.0,55431168.0,0,1,4,888,4,1,30,8,11.99
8.0,24378368.0,1,1,4,639,4,1,1,0,0.0
113.0,34477056.0,0,1,4,1498,4,1,1,10,3.99
582.0,113381376.0,0,0,9,998,3,1,8,10,24.99
121.0,152207360.0,0,1,4,1408,4,1,8,5,39.99
20.0,207526912.0,0,1,4,1504,6,1,10,10,24.99
64.0,29030400.0,1,1,4,959,3,1,13,0,0.0
67670.0,7703552.0,0,0,4,1149,3,1,1,0,0.0
81.0,212927488.0,0,1,9,1695,3,1,1,10,11.99
84.0,155776000.0,1,1,17,2645,3,1,11,6,89.99
82.0,78897152.0,0,0,12,1836,3,1,4,1,1.99
37.0,55427072.0,0,1,4,1660,4,1,1,4,6.99
83.0,148962304.0,1,0,4,2151,3,1,1,0,0.0
42.0,90277888.0,1,1,12,2196,2,1,1,8,4.99
12.0,14348288.0,0,1,4,109,4,1,2,0,0.0
9.0,286764032.0,1,1,4,1495,3,1,1,9,17.99
8.0,19683328.0,1,0,4,1551,4,1,1,0,0.0
149.0,97434370.0,0,1,4,1342,3,1,1,1,0.99
75.0,32292864.0,0,1,4,1027,3,1,1,2,3.99
931.0,446595072.0,1,1,4,3979,4,1,9,10,19.99
338.0,15328256.0,0,1,4,604,4,1,1,1,0.99
37.0,16318464.0,0,1,4,941,4,1,1,0,0.0
5.0,15148032.0,0,0,9,534,3,1,1,0,0.0
62.0,49299456.0,0,1,4,438,4,1,1,8,6.99
6805.0,579474432.0,1,1,12,2372,3,1,17,10,99.99
74.0,60383232.0,0,1,12,2187,5,1,1,3,18.99
2566.0,137001984.0,1,1,12,1792,4,1,11,10,99.99
59.0,95235072.0,1,1,4,1420,4,1,1,1,1.99
3293.0,325504000.0,1,1,4,2968,4,1,5,8,99.99
95.0,64050176.0,0,1,9,1046,4,1,1,8,19.99
17045.0,7543757.0,0,1,4,2439,5,1,1,0,0.0
7.0,14828544.0,0,1,4,798,3,1,1,1,2.99
11.0,363468800.0,0,1,4,242,4,1,3,3,4.99
96.0,23794688.0,0,1,4,1030,4,1,1,0,0.0
5.0,109137920.0,0,1,17,1535,3,1,1,3,19.99
8.0,92165120.0,0,0,12,2875,4,1,1,0,0.0
11186.0,230299648.0,0,0,9,2360,4,1,10,15,9.99
11.0,158310400.0,1,1,4,326,4,1,1,0,0.0
136.0,46461952.0,0,1,4,2104,4,1,1,0,0.0
9418.0,220413952.0,1,1,4,3615,3,1,14,10,129.99
46.0,409073664.0,0,1,4,2357,4,1,1,5,29.99
254.0,8296134.0,0,1,4,1156,3,1,1,0,0.0
28.0,44871680.0,0,1,4,1077,3,1,1,10,2.99
1675.0,3198976.0,0,1,4,1466,3,1,1,1,0.99
88.0,71274496.0,0,1,12,1062,4,1,1,9,49.99
18.0,19209216.0,0,1,4,391,4,1,31,10,2.99
51.0,176390144.0,0,0,9,3081,4,1,1,5,4.99
18.0,12197888.0,0,1,4,362,3,1,1,0,0.0
1771.0,43383808.0,0,1,4,845,4,1,24,2,0.99
21.0,180018176.0,0,0,12,1162,3,1,1,0,0.0
357.0,52236288.0,1,1,4,1039,4,1,1,3,0.99
5.0,408654848.0,0,0,12,470,3,1,1,0,0.0
5164.0,208402432.0,1,1,12,3256,4,1,4,10,19.99
12.0,158365696.0,0,1,12,721,2,1,1,7,9.99
5.0,445190144.0,1,1,4,3097,4,1,9,10,26.99
724.0,39174144.0,0,1,17,2115,3,1,1,2,1.99
1976.0,229137408.0,1,1,4,1042,4,1,16,10,49.99
158.0,1202176.0,1,1,4,619,3,1,1,1,0.99
64.0,46350336.0,1,1,4,2999,4,1,1,0,0.0
125.0,64333824.0,0,0,4,826,3,1,1,0,0.0
4275.0,20635648.0,0,1,12,1179,5,1,1,8,99.99
8046.0,689204224.0,0,1,12,1701,4,1,1,8,6.99
988.0,122275840.0,1,0,9,3164,4,1,6,2,0.99
27.0,86772736.0,0,1,4,1635,4,1,4,0,0.0
5.0,42849280.0,0,1,9,450,4,1,1,0,0.0
137.0,89791488.0,0,1,12,1291,3,1,9,10,10.99
172.0,351982592.0,1,1,12,471,3,1,6,10,19.99
12.0,85327872.0,1,1,9,1230,4,1,2,1,1.99
439.0,119062528.0,0,1,4,794,3,1,4,6,4.99
4906.0,130674688.0,0,1,4,2678,4,1,7,6,99.99
280.0,153507840.0,1,1,4,729,4,1,16,10,99.99
41.0,654365696.0,0,0,12,1994,4,1,1,2,1.99
4883.0,49287168.0,0,1,9,892,4,1,3,9,19.99
10.0,14782464.0,1,1,4,558,4,1,3,1,1.99
10.0,500658176.0,0,1,12,882,3,1,1,0,0.0
11920.0,157044736.0,0,1,4,1624,3,1,3,10,12.99
354.0,42478592.0,1,0,12,836,4,1,1,0,0.0
64.0,60160000.0,0,1,12,1895,3,1,1,0,0.0
259.0,120658944.0,0,1,9,2111,4,1,1,10,29.99
11.0,29601792.0,0,1,4,545,3,1,6,3,2.99
725.0,103183360.0,0,0,4,3449,4,1,1,0,0.0
5.0,14934016.0,0,1,4,479,3,1,16,0,0.0
52.0,202891264.0,0,0,12,2611,4,1,1,0,0.0
28631.0,178077696.0,1,1,17,1543,3,1,1,16,9.99
288.0,785825792.0,1,1,9,1459,4,1,3,10,3.99
9.0,10183680.0,0,1,4,1796,3,1,1,0,0.0
5387.0,54288384.0,0,1,4,1393,4,1,5,10,2.99
29.0,56216576.0,1,1,4,1976,4,1,5,5,24.99
72.0,29481984.0,1,1,4,955,4,1,3,4,4.99
7.0,25567232.0,1,1,4,1445,4,1,1,0,0.0
6.0,76945408.0,0,0,4,459,4,1,1,0,0.0
49.0,140257280.0,1,1,9,3346,4,1,1,10,49.99
5211.0,297523200.0,0,0,4,1753,4,1,1,0,0.0
5.0,5201920.0,0,1,4,1356,4,1,1,1,2.99
7.0,101507072.0,0,1,4,410,4,1,1,2,0.99
760.0,9545728.0,0,1,4,178,4,1,1,0,0.0
9.0,11223040.0,0,1,12,3191,4,1,4,0,0.0
117.0,197291008.0,0,0,9,849,3,1,1,0,0.0
9.0,66951168.0,0,1,4,89,4,1,1,1,0.99
1746.0,4112384.0,0,1,4,643,6,1,1,5,6.99
17.0,16839680.0,1,1,4,749,3,1,1,1,0.99
11.0,82552832.0,1,1,17,1973,3,1,1,2,3.99
9.0,139521024.0,1,1,12,2006,3,1,1,0,0.0
28.0,190219264.0,1,1,4,1390,4,1,1,5,14.99
156.0,1751040.0,0,0,4,1079,4,1,5,0,0.0
17.0,27972608.0,0,0,12,466,2,1,1,0,0.0
700.0,156578816.0,1,1,9,3100,4,1,1,4,4.99
138.0,86545408.0,0,1,17,2539,4,1,5,6,24.99
15.0,289604608.0,0,1,4,1471,4,1,6,1,5.99
34.0,50446336.0,0,1,4,1992,4,1,1,6,9.99
1313.0,55873536.0,1,1,4,1302,4,1,4,8,49.99
399.0,87823360.0,1,1,4,789,4,1,1,1,1.99
42.0,252225536.0,0,1,4,1139,4,1,27,0,0.0
492.0,248206336.0,0,1,9,2125,4,1,3,10,29.99
120283.0,175634432.0,1,1,12,2743,4,1,8,10,74.99
1580.0,31551488.0,1,1,12,1612,4,1,1,10,89.99
68.0,81292288.0,1,1,4,889,3,1,1,1,1.99
116.0,275912704.0,0,1,9,2302,4,1,9,8,89.99
1738.0,16149222.0,0,1,4,1409,4,1,9,5,19.99
12.0,108688384.0,1,1,4,630,4,1,1,1,0.99
3238.0,101131264.0,1,1,4,311,3,1,1,0,0.0
3171.0,82657280.0,0,1,4,1217,3,1,1,10,99.99
204.0,35484672.0,1,1,12,932,5,1,1,6,99.99
33.0,9805824.0,0,1,4,550,4,1,1,0,0.0
24.0,28812288.0,1,1,4,569,4,1,1,1,0.99
42.0,236011520.0,1,1,17,149,4,1,1,0,0.0
36217.0,50085888.0,0,0,4,1571,4,1,1,7,2.99
165.0,21221376.0,0,1,4,1528,4,1,2,0,0.0
24.0,14996480.0,0,1,4,116,4,1,1,1,0.99
1175.0,78678016.0,1,0,4,338,4,1,1,0,0.0
5490.0,106352640.0,1,1,4,2906,3,1,25,10,49.99
16.0,108740608.0,0,1,9,2051,4,1,1,5,9.99
49.0,69619712.0,0,1,4,281,4,1,1,2,2.99
87.0,23274496.0,0,1,4,340,4,1,1,0,0.0
13.0,54374400.0,0,1,4,1040,4,1,1,2,1.99
6.0,56954880.0,1,1,4,235,4,1,1,3,9.99
1094.0,11948032.0,1,1,4,560,4,1,1,0,0.0
15.0,2211840.0,0,1,4,1044,3,1,1,0,0.0
13.0,32059392.0,0,1,4,445,4,1,1,1,2.99
617.0,17531234.0,0,1,17,1734,4,1,1,0,0.0
23.0,410138624.0,0,1,9,958,3,1,1,4,19.99
25.0,71984128.0,1,1,4,1181,4,1,7,8,4.99
39.0,18537472.0,0,1,4,2268,4,1,1,0,0.0
2049.0,164665344.0,0,0,4,1952,4,1,7,0,0.0
242.0,176402432.0,1,0,4,1898,4,1,34,0,0.0
45.0,15028993.0,0,1,4,1997,4,1,1,2,2.99
26.0,28390400.0,1,1,4,213,5,1,1,0,0.0
627.0,351291392.0,0,1,12,878,5,1,1,10,99.99
38.0,318018.0,0,1,4,152,4,1,1,0,0.0
314.0,109961216.0,0,1,4,2677,4,1,1,1,0.0
21.0,7270400.0,0,1,4,978,4,1,1,1,1.99
19.0,141622272.0,0,0,9,1143,3,1,1,0,0.0
432.0,68104192.0,1,1,4,6,4,1,1,2,1.99
2100.0,274124800.0,0,1,4,934,4,1,1,6,9.99
2538.0,164857856.0,0,1,9,2693,3,1,17,10,99.99
5.0,28398592.0,1,1,4,231,3,1,1,0,0.0
2315.0,22654976.0,0,1,4,230,6,1,1,2,2.99
28.0,223198208.0,0,1,12,505,3,1,1,2,9.99
103.0,182909952.0,0,1,12,1303,3,1,1,10,49.99
13.0,10524861.0,0,1,4,641,3,1,1,0,0.0
62.0,78639104.0,0,1,4,1410,4,1,1,5,39.99
19.0,100984832.0,1,1,4,177,3,1,1,0,0.0
3318.0,189669376.0,0,1,9,2192,3,1,5,8,49.99
13151.0,271497216.0,1,1,9,2716,6,1,46,11,99.99
1639.0,35438592.0,0,0,4,1941,3,1,1,0,0.0
42.0,43508736.0,1,0,9,490,4,1,2,1,0.99
5281.0,156522496.0,1,1,9,2974,5,1,8,10,19.99
35.0,112439296.0,0,1,4,1095,3,1,1,5,4.99
8.0,26587136.0,0,1,4,1668,4,1,3,0,0.0
67.0,229201920.0,1,1,12,2137,4,1,1,5,44.99
109.0,7521280.0,0,1,4,317,3,1,1,1,0.99
15.0,410321920.0,1,1,17,499,4,1,1,0,0.0
82.0,5201920.0,1,1,12,488,4,1,1,7,3.99
8.0,17722368.0,1,1,4,206,3,1,1,3,2.99
125.0,29818880.0,1,1,4,440,4,1,4,0,0.0
1006.0,40382464.0,0,0,4,1385,4,1,1,1,0.99
237.0,50083840.0,0,0,4,2574,4,1,1,0,0.0
9.0,1139938304.0,0,1,9,3183,3,1,1,6,99.99
25.0,84717568.0,0,1,9,1075,4,1,3,10,9.99
849.0,16375808.0,0,1,17,329,4,1,1,0,0.0
5.0,45031424.0,0,1,4,671,4,1,1,1,2.99
6.0,393783296.0,1,1,4,336,4,1,1,1,4.99
33.0,23578624.0,1,1,17,645,4,1,1,0,0.0
40.0,68644864.0,0,1,4,525,2,1,1,0,0.0
9706.0,251574272.0,1,1,4,3734,3,1,14,10,24.99
7.0,12181504.0,0,0,12,188,4,1,1,9,9.99
18.0,34164736.0,0,1,12,1030,3,1,2,5,99.99
135.0,88780800.0,0,1,4,385,4,1,1,1,0.99
1229.0,10781853.0,0,1,12,1414,4,1,7,3,199.99
10.0,67391488.0,0,1,4,1208,4,1,1,0,0.0
5781.0,236307456.0,0,1,9,1856,4,1,1,10,19.99
2127.0,326702080.0,0,0,9,4106,3,1,1,2,1.99
478.0,1467222016.0,0,0,17,1713,4,1,1,4,4.99
12.0,25436160.0,0,1,4,856,4,1,1,0,0.0
20.0,481046528.0,1,1,4,1757,4,1,1,6,49.99
344.0,4578541.0,0,1,4,809,4,1,1,0,0.0
5.0,57758720.0,0,1,9,1268,3,1,1,1,0.99
11.0,30834688.0,0,1,4,1266,4,1,1,0,0.0
10.0,209945600.0,0,0,4,641,3,1,1,0,0.0
11.0,450664448.0,0,1,12,1150,4,1,8,10,15.99
10.0,776042496.0,0,1,9,2658,3,1,1,6,99.99
6.0,23793664.0,0,1,4,905,3,1,1,2,5.99
409.0,33136640.0,0,1,4,409,3,1,4,7,4.99
757.0,87277568.0,0,1,4,601,3,1,1,4,2.99
12672.0,349142016.0,1,1,4,1698,4,1,1,10,17.99
75459.0,191660032.0,1,1,9,2789,4,1,12,10,19.99
122.0,305209344.0,0,1,4,378,3,1,1,1,2.99
215.0,310824960.0,1,0,12,4055,5,1,1,0,0.0
13.0,47106048.0,0,1,4,632,4,1,25,0,0.0
8.0,12782921.0,0,1,4,128,4,1,1,0,0.0
198.0,74007552.0,0,1,4,846,4,1,16,10,94.99
23.0,185341952.0,0,1,9,172,3,1,1,1,0.99
23.0,290690048.0,1,1,4,676,4,1,1,2,0.99
2767.0,30746624.0,0,0,4,858,4,1,1,0,0.0
6.0,34163712.0,1,1,4,1215,4,1,1,1,1.99
180.0,129943552.0,1,1,4,2927,4,1,1,10,12.99
13.0,60916736.0,0,1,4,812,4,1,1,0,0.0
44.0,79221760.0,0,0,9,2018,5,1,1,0,0.0
14.0,104045568.0,1,1,9,355,4,1,1,0,0.0
642.0,240103424.0,0,0,9,1920,4,1,1,0,0.0
5.0,12046336.0,0,1,4,868,3,1,1,0,0.0
13.0,191576064.0,1,1,4,2810,3,1,1,4,3.99
7.0,151352320.0,0,1,9,431,5,1,2,0,0.0
49.0,10661888.0,0,1,4,485,3,1,1,0,0.0
19.0,4472832.0,0,1,4,401,4,1,1,0,0.0
12.0,139576320.0,1,0,9,2296,4,1,1,0,0.0
54.0,56916992.0,0,1,4,874,4,1,1,9,9.99
1479.0,86886400.0,0,1,9,930,4,1,25,6,15.99
10.0,151987200.0,0,1,9,2067,4,1,1,3,9.99
691.0,423729152.0,1,1,12,878,3,1,1,8,99.99
2632.0,184579072.0,0,1,4,743,4,1,1,5,99.99
33.0,127032320.0,0,1,4,746,4,1,11,4,49.99
31.0,231357440.0,1,1,4,3405,4,1,1,4,5.99
168.0,617306112.0,1,0,9,1089,5,1,1,0,0.0
84.0,29290496.0,0,0,9,3502,4,1,3,0,0.0
13708.0,462958592.0,0,0,9,2360,4,1,10,15,9.99
6.0,168465408.0,0,0,9,1338,5,1,1,7,0.99
5.0,143757312.0,1,1,9,985,3,1,1,3,3.99
20.0,41873408.0,1,1,4,658,4,1,4,1,0.99
17.0,10391552.0,0,1,4,1084,3,1,1,1,0.99
7094.0,519148544.0,1,1,4,3102,4,1,1,10,24.99
884.0,1250034.0,0,1,9,750,4,1,1,1,0.99
5.0,76210176.0,0,1,4,659,4,1,1,0,0.0
17.0,30317568.0,1,1,12,560,3,1,1,7,1.99
8.0,82229248.0,0,1,9,1118,4,1,1,0,0.0
22.0,29676544.0,1,1,4,2655,3,1,1,1,1.99
4434.0,15495168.0,0,1,4,207,4,1,31,1,5.99
62.0,37892096.0,0,1,12,2295,5,1,3,0,0.0
1639.0,117780480.0,1,1,4,4149,4,1,3,9,6.99
468.0,412214272.0,0,1,12,1615,4,1,4,15,29.99
88.0,172744704.0,0,1,12,1319,3,1,1,10,99.99
148.0,117536768.0,1,0,4,2529,3,1,1,0,0.0
30.0,7863296.0,1,0,12,932,5,1,1,0,0.0
54.0,421637120.0,1,1,12,1879,5,1,8,5,69.99
120.0,7139328.0,0,1,4,958,5,1,1,2,1.99
28.0,24766464.0,0,0,9,505,3,1,1,0,0.0
7.0,72593408.0,0,1,4,665,4,1,1,0,0.0
3127.0,60436480.0,1,1,4,1744,3,1,1,10,49.99
9305.0,53772288.0,0,0,9,2075,4,1,2,6,99.99
41.0,34369536.0,0,1,4,199,3,1,1,7,59.99
8.0,2796224512.0,0,0,4,1723,4,1,1,0,0.0
228.0,58807619.0,0,1,4,1178,4,1,1,5,0.99
5.0,15755264.0,0,1,4,1078,4,1,1,1,3.99
54.0,22003712.0,0,1,4,189,4,1,1,5,3.99
427.0,20256768.0,0,1,4,213,2,1,1,0,0.0
296.0,27007974.0,0,1,9,852,3,1,1,0,0.0
1502.0,57848832.0,0,1,9,2443,3,1,1,8,29.99
8.0,146486272.0,1,1,12,1111,4,1,1,0,0.0
11.0,16582656.0,0,1,4,1279,4,1,1,2,3.99
2503.0,2582857.0,0,1,4,837,4,1,1,0,0.0
21.0,97323008.0,1,1,4,1670,3,1,1,0,0.0
7.0,135032832.0,0,1,12,2266,4,1,1,6,99.99
156.0,237453312.0,0,0,4,696,4,1,4,0,0.0
14.0,89304064.0,0,0,12,885,4,1,1,0,0.0
10.0,981265408.0,1,1,9,2255,5,1,2,7,14.99
1095.0,73988096.0,1,1,4,2754,4,1,1,0,0.0
1344.0,12478972.0,0,1,4,666,4,1,1,0,0.0
7.0,115653632.0,1,1,12,177,3,1,1,0,0.0
1187.0,287657984.0,0,1,12,1302,4,1,1,0,0.0
59.0,772075520.0,1,1,4,1856,3,1,4,10,99.99
3184.0,100304896.0,1,1,4,2638,4,1,3,10,99.99
2616.0,230477824.0,0,0,9,1664,3,1,5,10,9.99
27.0,124823552.0,1,1,4,513,4,1,1,0,0.0
39.0,13319153.0,0,1,4,848,4,1,1,2,0.99
121.0,102516736.0,1,1,9,2093,4,1,1,10,9.99
21892.0,70862848.0,1,1,12,1557,3,1,1,10,99.99
5562.0,111703040.0,0,1,9,2180,4,1,1,10,14.99
1251.0,90412032.0,0,1,4,2394,3,1,2,0,0.0
30706.0,246902784.0,1,1,12,2756,3,1,1,12,99.99
7114.0,117776384.0,1,1,4,1948,4,1,1,10,2.99
47338.0,9214976.0,0,0,4,1255,3,1,1,0,0.0
30.0,87988224.0,1,1,4,287,4,1,1,10,4.99
7.0,10871808.0,1,0,4,580,4,1,1,0,0.0
25.0,122571776.0,1,1,9,136,3,1,1,0,0.0
418.0,255356928.0,0,0,9,1397,4,1,1,0,0.0
59.0,115306496.0,1,1,4,709,3,1,1,1,1.99
173.0,123760640.0,0,1,4,1236,4,1,11,0,0.0
92.0,55197696.0,0,1,12,1343,3,1,9,0,0.0
139.0,116036608.0,0,1,9,1111,4,1,1,10,3.99
20.0,298863616.0,0,1,4,641,4,1,1,3,1.99
26.0,103838720.0,1,1,4,595,4,1,2,1,2.99
99.0,102106112.0,0,1,4,147,3,1,1,0,0.0
38.0,177613824.0,0,1,4,1157,4,1,1,8,15.99
12.0,49856438.0,0,1,9,639,3,1,1,0,0.0
8720.0,224477184.0,1,1,9,2490,4,1,18,10,29.99
21.0,73650176.0,0,1,4,1293,3,1,1,0,0.0
53.0,19180544.0,0,1,4,764,4,1,1,0,0.0
51.0,73931776.0,1,0,4,4052,3,1,1,6,4.99
6882.0,597164032.0,1,1,4,3896,4,1,5,5,24.99
143.0,529747968.0,1,0,4,1166,3,1,1,0,0.0
15.0,1312645120.0,0,1,9,2170,4,1,1,8,99.99
20707.0,37630976.0,0,0,12,1056,3,1,1,0,0.0
10.0,87376896.0,1,1,4,199,4,1,1,0,0.0
5.0,82846720.0,0,1,4,218,4,1,1,2,4.99
224.0,310156288.0,0,1,12,1696,4,1,1,9,2.99
272.0,186961920.0,0,0,4,899,4,1,4,0,0.0
1356.0,243960832.0,1,1,12,2091,4,1,1,10,9.99
11.0,31854592.0,0,1,4,930,4,1,1,1,0.99
6.0,196213760.0,1,1,12,2400,3,1,1,0,0.0
92.0,52506624.0,0,1,4,4088,4,1,3,0,0.0
9.0,6000640.0,0,1,4,1118,4,1,1,0,0.0
124.0,71470080.0,1,0,4,4037,3,1,1,6,4.99
58.0,242534400.0,1,1,9,2211,2,1,46,5,99.99
9.0,31431680.0,0,1,4,1154,4,1,3,0,0.0
193923.0,233482240.0,1,1,4,3379,4,1,5,0,0.0
15277.0,8482816.0,0,1,4,1504,4,1,1,1,0.99
5.0,95931392.0,0,0,4,504,3,1,1,0,0.0
64.0,7135232.0,0,1,4,618,4,1,1,0,0.0
303.0,19405547.0,0,1,4,590,3,1,1,1,0.99
49997.0,222146560.0,1,1,12,3754,4,1,1,10,99.99
200.0,138190848.0,0,1,12,1994,4,1,46,10,99.99
5.0,9358336.0,0,0,4,1281,4,1,1,0,0.0
46.0,66580480.0,0,1,9,505,3,1,1,0,0.0
127.0,234961920.0,0,0,4,1078,4,1,5,0,0.0
8.0,21238784.0,0,1,4,799,3,1,12,0,0.0
11.0,5992448.0,0,1,4,403,3,1,1,1,1.99
156.0,5767777.0,0,1,9,1158,4,1,1,0,0.0
17440.0,888494080.0,1,0,4,3782,4,1,6,5,9.99
18.0,167871488.0,0,1,12,1720,2,1,11,10,7.99
160.0,37805056.0,1,0,4,621,4,1,1,0,0.0
4772.0,911975424.0,1,1,9,2817,4,1,1,10,9.99
13.0,22316032.0,1,1,12,267,3,1,3,0,0.0
22.0,573915136.0,1,0,4,2708,4,1,1,0,0.0
111.0,30650368.0,0,1,4,1901,4,1,1,0,0.0
461.0,443377664.0,1,1,4,1062,4,1,1,1,0.99
13.0,16342016.0,1,1,4,1251,4,1,1,3,3.99
2514.0,2030561280.0,0,0,12,2148,4,1,7,0,0.0
5.0,23657472.0,0,0,4,584,4,1,1,3,0.99
96.0,253731840.0,1,1,12,1501,3,1,7,6,99.99
64.0,62216192.0,1,1,4,1501,4,1,2,6,24.99
6.0,101539840.0,1,1,4,3383,3,1,1,1,1.99
55.0,27561984.0,0,0,4,418,3,1,1,0,0.0
112.0,17288192.0,1,1,4,886,4,1,1,1,1.99
86.0,45296640.0,1,1,4,797,4,1,2,0,0.0
10.0,35975168.0,0,1,4,1035,4,1,6,0,0.0
96.0,68034560.0,0,1,4,807,3,1,2,1,2.99
3972.0,47504384.0,0,1,9,1592,3,1,1,2,1.99
5.0,20213918.0,0,1,4,1417,4,1,1,0,0.0
32.0,231065600.0,0,1,12,3130,5,1,3,7,99.99
600.0,84840448.0,0,1,17,1800,3,1,1,7,99.99
15.0,11421666.0,0,1,4,715,4,1,10,0,0.0
12.0,39059456.0,0,1,4,554,3,1,6,1,2.99
5.0,6565888.0,0,1,4,1250,3,1,1,0,0.0
89.0,167675904.0,1,1,9,1318,4,1,1,10,9.99
22.0,57507840.0,0,1,12,617,4,1,1,0,0.0
1099.0,133343232.0,1,0,4,3271,4,1,1,3,59.99
76.0,270927872.0,1,1,4,775,3,1,1,10,89.99
34.0,226856960.0,1,1,4,1557,4,1,17,10,43.99
248.0,384206848.0,0,0,9,2220,4,1,1,5,7.99
96.0,52686848.0,0,1,4,1136,5,1,1,10,9.99
5.0,312565760.0,1,1,17,2667,4,1,1,1,1.99
8.0,33849344.0,0,1,4,196,3,1,1,0,0.0
85.0,51515392.0,1,0,4,3293,4,1,7,0,0.0
124.0,1224994.0,0,1,4,2051,4,1,1,0,0.0
330.0,22546432.0,1,0,4,923,4,1,15,1,5.99
486.0,111058944.0,0,1,9,3100,4,1,5,3,2.99
5.0,54890496.0,0,1,4,830,4,1,1,0,0.0
6.0,10530816.0,0,0,4,1213,4,1,1,0,0.0
327.0,39685120.0,0,1,4,1391,3,1,1,0,0.0
39.0,234188800.0,1,1,4,984,4,1,10,4,19.99
51383.0,118840320.0,1,1,4,2503,4,1,9,8,99.99
12.0,15134720.0,0,1,4,531,3,1,1,0,0.0
1314.0,25845760.0,0,1,4,582,4,1,1,2,0.99
1076.0,78614528.0,0,1,4,1934,4,1,12,10,2.99
5.0,88308736.0,1,1,4,405,4,1,2,1,4.99
356.0,322383872.0,1,1,4,2526,4,1,11,10,29.99
5.0,36454400.0,0,1,12,529,4,1,1,4,11.99
343.0,82394112.0,1,1,4,1656,4,1,1,9,49.99
126.0,209461248.0,0,1,4,902,4,1,13,1,2.99
17.0,50377728.0,0,1,4,993,3,1,24,1,1.99
147.0,117317632.0,1,1,17,4049,5,1,1,1,9.99
71752.0,219517952.0,1,1,12,3946,3,1,1,9,99.99
6.0,65334272.0,0,1,4,85,3,1,1,0,0.0
118.0,106267648.0,0,1,4,727,4,1,24,0,0.0
21.0,122130432.0,1,1,4,124,3,1,1,0,0.0
13.0,206746624.0,1,1,4,1346,4,1,1,2,14.99
140.0,417460224.0,0,0,4,666,3,1,2,1,0.99
6.0,111316992.0,0,1,12,1360,4,1,1,0,0.0
21.0,26853376.0,0,1,4,1377,3,1,1,5,9.99
207.0,42260480.0,1,0,4,1032,4,1,4,0,0.0
2582.0,164235264.0,0,0,4,3240,3,1,1,10,6.99
8.0,25536512.0,0,0,4,313,3,1,1,0,0.0
9.0,110982144.0,0,1,12,1453,4,1,1,0,0.0
465.0,133181440.0,0,1,9,982,4,1,1,4,4.99
1826.0,14721024.0,1,1,4,2319,4,1,3,10,2.99
45.0,82657035.0,0,1,4,1216,4,1,1,2,1.99
12.0,33964032.0,0,1,4,836,4,1,1,2,0.99
6230.0,12067083.0,0,0,9,2002,4,1,1,1,0.99
8.0,142059520.0,0,1,4,756,4,1,1,2,0.99
6602.0,63400960.0,0,1,9,3825,4,1,1,10,4.99
6.0,140736512.0,1,0,9,919,3,1,1,0,0.0
15.0,133656576.0,0,0,9,895,3,1,22,8,49.99
21.0,31305728.0,0,1,4,1267,4,1,1,0,0.0
14.0,11448320.0,0,1,4,119,4,1,1,0,0.0
417.0,52784128.0,1,1,4,1279,4,1,1,1,6.99
36.0,59675648.0,0,1,12,2903,2,1,1,8,4.99
23.0,300658688.0,0,1,4,1036,3,1,8,3,8.99
20.0,179228672.0,1,1,12,377,4,1,4,9,49.99
51406.0,153653248.0,1,1,12,2238,4,1,1,10,9.99
12.0,45363200.0,0,1,4,804,4,1,1,2,0.99
48.0,290860032.0,1,0,9,770,3,1,1,0,0.0
5.0,201213952.0,0,1,4,719,4,1,1,1,0.99
86.0,148575232.0,0,1,9,2236,2,1,2,6,99.99
209.0,82982912.0,1,1,4,432,3,1,1,1,0.99
6.0,10485760.0,0,1,4,522,6,1,2,1,0.99
154.0,121190400.0,0,1,9,1640,3,1,10,10,19.99
51.0,123858944.0,0,1,4,932,2,1,1,1,1.99
21.0,408659968.0,0,0,12,1442,4,1,1,0,0.0
605.0,135835648.0,0,1,17,1813,3,1,33,6,99.99
50.0,43600896.0,0,1,4,1611,3,1,1,2,4.99
15420.0,146942976.0,1,1,4,1604,4,1,3,10,19.99
12.0,40927232.0,1,0,9,818,4,1,2,0,0.0
187.0,34923520.0,0,0,9,1297,4,1,1,0,0.0
139.0,99689472.0,0,1,12,3528,4,1,5,6,24.99
23.0,23469056.0,1,1,4,457,3,1,1,0,0.0
5.0,32743424.0,0,1,4,1306,3,1,1,1,2.99
91.0,625884160.0,1,1,4,379,3,1,1,7,10.99
3918.0,165526528.0,0,0,12,1240,2,1,1,10,48.99
420.0,62170112.0,0,0,4,1302,3,1,1,0,0.0
326.0,435745792.0,0,0,4,765,4,1,1,0,0.0
36212.0,415674368.0,0,1,12,2218,3,1,10,15,9.99
8.0,80400384.0,0,1,12,1037,4,1,1,1,1.99
14.0,71404544.0,1,1,4,1439,4,1,1,6,44.99
35.0,289233920.0,0,1,12,2109,3,1,6,6,99.99
14.0,107727872.0,0,1,12,1151,4,1,1,0,0.0
429.0,367843328.0,0,1,12,1452,4,1,1,4,2.99
5.0,77365248.0,0,1,9,489,3,1,1,0,0.0
291.0,9900032.0,0,0,17,218,4,1,1,0,0.0
5.0,45425664.0,0,0,4,982,4,1,2,0,0.0
155.0,17287168.0,0,1,4,450,3,1,2,4,9.99
9.0,39944192.0,0,1,4,648,4,1,1,1,0.99
1120.0,64332800.0,0,1,4,1421,4,1,1,4,9.99
28.0,74546176.0,1,1,9,279,4,1,3,0,0.0
59.0,268463104.0,0,1,12,2157,3,1,1,10,9.99
240990.0,180575232.0,1,1,9,3074,4,1,15,10,99.99
8.0,99450880.0,0,1,4,573,3,1,1,0,0.0
5.0,10031104.0,0,1,4,973,3,1,1,1,2.99
217.0,65776640.0,1,1,4,554,3,1,1,3,8.99
18.0,60989440.0,0,1,4,639,4,1,1,4,1.99
126.0,103117824.0,1,1,4,633,4,1,3,0,0.0
137.0,223711232.0,0,1,9,1691,3,1,3,6,99.99
159.0,61262848.0,0,1,4,660,4,1,1,6,99.99
23.0,55757824.0,1,1,9,699,4,1,5,8,29.99
214.0,32748544.0,0,0,9,220,3,1,1,0,0.0
196.0,298737664.0,1,1,12,2891,4,1,46,9,99.99
76.0,957837312.0,0,1,12,3900,4,1,1,8,9.99
43.0,24337408.0,0,1,4,556,4,1,1,0,0.0
13.0,217592832.0,1,1,9,1396,3,1,10,5,9.99
30.0,132395008.0,0,1,9,564,3,1,1,0,0.0
5.0,359040000.0,1,0,4,1739,4,1,1,1,0.99
46.0,402222080.0,0,0,12,1714,4,1,1,10,2.99
88855.0,234342400.0,1,1,4,283,4,1,1,1,9.99
2697.0,156266496.0,1,1,4,2438,3,1,8,10,19.99
310.0,491440128.0,0,0,9,1376,4,1,1,0,0.0
35.0,211814400.0,1,1,4,705,4,1,14,1,2.99
13.0,101794816.0,0,1,9,334,3,1,1,0,0.0
9.0,290205696.0,0,1,9,3146,4,1,1,3,2.99
12.0,251109376.0,0,1,4,2588,4,1,1,4,2.99
73.0,69922816.0,0,0,4,1015,3,1,1,0,0.0
7.0,297722880.0,1,1,9,1045,3,1,1,10,1.99
18.0,558641152.0,1,1,9,2042,2,1,1,6,99.99
7.0,10697728.0,0,1,4,205,4,1,1,0,0.0
25.0,40899848.0,0,1,4,1444,4,1,1,1,0.99
77.0,35726336.0,0,1,4,951,4,1,1,1,1.99
2425.0,9641984.0,0,0,4,824,3,1,1,0,0.0
20.0,7984436.0,0,1,9,2261,5,1,7,5,99.99
135.0,47075328.0,0,1,9,725,4,1,1,7,6.99
959.0,28953600.0,1,1,4,1593,4,1,1,8,59.99
27.0,108393472.0,0,1,4,1010,4,1,1,1,0.99
58.0,69389312.0,1,1,4,1655,4,1,1,1,1.99
45.0,151568384.0,1,1,12,1922,4,1,1,10,74.99
5.0,13836288.0,0,1,4,560,3,1,1,1,0.99
15.0,18526208.0,0,1,4,637,4,1,1,3,0.99
170.0,28418048.0,0,1,4,68,3,1,1,0,0.0
345.0,5614592.0,1,1,4,506,4,1,1,9,0.99
2429.0,33049749.0,0,1,4,1135,4,1,3,6,29.99
11.0,19125248.0,0,1,12,2164,5,1,1,0,0.0
8.0,179211264.0,0,1,4,1386,4,1,1,4,3.99
376.0,232178688.0,1,1,9,3122,3,1,1,10,9.99
1158.0,21807104.0,0,1,4,2334,3,1,1,0,0.0
1943.0,64589824.0,0,1,4,1573,4,1,1,10,49.99
81.0,44867584.0,0,1,9,694,4,1,1,1,0.99
9.0,658016256.0,0,1,12,1158,2,1,1,10,99.99
12.0,33331200.0,0,1,4,1226,3,1,1,0,0.0
10974.0,259609600.0,1,1,12,4053,4,1,46,10,99.99
7.0,10073088.0,0,1,4,560,3,1,1,0,0.0
45.0,35483648.0,0,1,9,830,4,1,1,0,0.0
3513.0,176075776.0,0,1,4,743,4,1,1,5,99.99
13.0,52801536.0,0,1,9,897,4,1,29,10,9.99
2091.0,35420160.0,0,1,9,603,3,1,1,1,0.99
1769.0,248382464.0,0,1,12,3108,5,1,2,10,99.99
852.0,86351872.0,1,0,4,1256,4,1,1,8,29.99
8.0,371373056.0,0,1,4,3365,4,1,1,0,0.0
8.0,220488704.0,1,1,4,233,2,1,1,3,3.99
46.0,75790336.0,1,1,4,839,4,1,1,0,0.0
8.0,84963328.0,1,1,4,2786,4,1,1,1,1.99
6.0,664393728.0,0,1,12,1984,4,1,1,6,64.99
60.0,76490752.0,1,1,4,1385,4,1,1,1,1.99
10.0,123696128.0,0,1,4,335,3,1,1,1,1.99
134.0,69525504.0,0,1,9,2218,6,1,1,7,99.99
151.0,133462016.0,1,1,4,1384,3,1,44,10,14.99
4512.0,1676402688.0,0,0,12,1098,4,1,1,3,35.99
430.0,195461120.0,0,1,4,1278,4,1,11,1,2.99
33.0,40828928.0,0,1,17,1175,3,1,8,5,54.99
23.0,19562496.0,0,1,4,676,3,1,1,6,4.99
15884.0,74483712.0,0,1,9,1535,3,1,31,10,19.99
23.0,92999680.0,0,1,17,948,4,1,1,0,0.0
118.0,14503936.0,0,1,4,157,4,1,1,0,0.0
9.0,3190784.0,1,1,4,1484,4,1,2,0,0.0
11.0,13165006.0,0,1,4,935,4,1,2,0,0.0
187.0,63746048.0,0,1,4,657,4,1,9,1,0.99
75.0,92693504.0,1,1,4,1537,5,1,1,1,1.99
17023.0,59294720.0,1,1,4,639,4,1,1,2,6.99
127.0,3684352.0,0,0,4,369,4,1,3,0,0.0
5.0,9412608.0,0,1,4,157,4,1,1,1,2.99
10.0,17233920.0,0,0,4,403,4,1,3,0,0.0
221.0,1408192512.0,0,1,9,2747,4,1,1,6,99.99
22.0,30023680.0,0,1,4,502,4,1,3,0,0.0
23.0,1218106.0,0,1,4,320,4,1,1,0,0.0
2478.0,147105792.0,1,1,12,2168,4,1,13,10,14.99
13449.0,12479917.0,0,0,12,691,4,1,1,0,0.0
2898.0,54372352.0,1,1,12,1303,4,1,2,10,9.99
885.0,93720014.0,0,1,9,1564,4,1,1,3,1.99
1382.0,247993344.0,1,1,12,1282,4,1,17,10,99.99
219.0,30382080.0,1,1,4,888,4,1,1,2,2.99
7.0,119486464.0,0,1,4,838,3,1,1,4,14.99
62.0,65179648.0,0,1,12,4147,4,1,3,0,0.0
4167.0,80807936.0,0,1,9,1847,4,1,2,10,9.99
5.0,197529600.0,1,1,4,1076,3,1,1,1,0.99
15.0,29622272.0,0,1,4,346,3,1,1,0,0.0
28.0,34689024.0,0,0,4,2076,4,1,15,0,0.0
148.0,94185472.0,0,1,4,2692,4,1,6,0,0.0
11.0,16899072.0,0,1,4,362,3,1,1,0,0.0
4305.0,3518277632.0,0,0,17,2674,3,1,9,0,0.0
90.0,153886720.0,1,1,4,552,4,1,1,7,3.99
103.0,4241408.0,0,0,4,1123,4,1,1,0,0.0
35199.0,500501504.0,1,0,4,3919,4,1,5,0,0.0
55.0,49163264.0,1,1,12,1654,3,1,15,9,18.99
9.0,34189312.0,1,1,4,916,3,1,1,0,0.0
1648.0,293646336.0,1,1,4,2184,4,1,7,1,4.99
1717.0,93489152.0,1,1,4,256,4,1,1,4,6.99
30.0,37515264.0,0,1,4,483,3,1,1,1,2.99
5.0,17193984.0,0,1,17,1145,4,1,1,0,0.0
5.0,10891264.0,0,1,4,316,4,1,1,0,0.0
5.0,14287257.0,0,1,4,1558,4,1,1,1,0.99
33.0,139075584.0,0,1,9,2236,6,1,1,5,9.99
1655.0,80067584.0,0,1,12,1331,4,1,1,10,99.99
6.0,16318464.0,0,1,4,543,3,1,2,0,0.0
10.0,141277184.0,1,0,9,3475,4,1,1,10,9.99
330.0,2516220.0,0,1,4,128,4,1,1,0,0.0
16.0,209474560.0,1,1,17,311,4,1,1,3,19.99
15.0,10705920.0,0,1,4,356,3,1,1,0,0.0
73.0,29518848.0,1,1,4,914,6,1,2,0,0.0
344.0,173748224.0,1,1,9,1346,4,1,1,4,10.99
5.0,16707584.0,0,1,4,1138,4,1,1,1,0.99
3795.0,1267159040.0,1,1,17,853,3,1,1,10,19.99
27804.0,44316672.0,0,1,4,963,4,1,15,10,9.99
12.0,285407232.0,1,1,4,1656,4,1,1,10,59.99
3258.0,113118208.0,1,1,4,298,5,1,18,10,9.99
95466.0,58547200.0,1,1,9,2056,3,1,2,10,5.99
6.0,51968000.0,1,1,9,1926,4,1,2,6,3.99
120.0,53789696.0,0,1,9,944,5,1,2,0,0.0
2750.0,758107136.0,1,1,9,3080,3,1,1,10,19.99
15.0,190210048.0,0,0,12,2461,4,1,1,0,0.0
449.0,20720901.0,0,1,4,1443,4,1,1,2,0.99
23.0,20628480.0,0,1,4,148,3,1,1,0,0.0
5815.0,188746752.0,1,1,12,2565,4,1,1,10,99.99
394.0,222069760.0,1,1,4,2758,3,1,1,10,19.99
3272.0,29451264.0,1,1,4,825,6,1,1,7,99.99
8.0,78645248.0,1,1,4,2223,3,1,2,4,19.99
969.0,268002304.0,1,1,12,3347,3,1,16,10,99.99
9.0,75686912.0,0,1,9,2192,3,1,1,0,0.0
10.0,54510592.0,0,1,4,836,3,1,1,1,2.99
346.0,57528320.0,1,1,4,869,4,1,1,0,0.0
24.0,152578048.0,1,1,12,1037,5,1,21,10,99.99
74.0,13031424.0,1,1,9,194,3,1,2,0,0.0
135.0,355188736.0,1,0,4,1330,3,1,9,0,0.0
8532.0,270158848.0,0,1,12,425,3,1,1,5,19.99
1011.0,90855424.0,0,1,9,1850,3,1,7,6,99.99
21.0,34716672.0,0,1,4,677,3,1,1,0,0.0
18.0,3293184.0,0,1,4,1782,5,1,1,0,0.0
6.0,386022400.0,1,1,4,688,4,1,1,0,0.0
10.0,71888896.0,0,1,9,1076,2,1,1,0,0.0
59.0,220771328.0,0,1,12,1313,4,1,16,5,99.99
45.0,247156736.0,0,0,4,1037,4,1,4,0,0.0
10.0,112191488.0,0,1,4,194,4,1,1,0,0.0
481.0,30674388.0,0,1,9,844,3,1,1,0,0.0
1140.0,50308096.0,0,1,4,892,3,1,1,0,0.0
13.0,10433536.0,0,1,12,149,4,1,1,0,0.0
252.0,228745216.0,0,1,12,877,3,1,1,0,0.0
5.0,57159680.0,0,0,9,398,4,1,1,0,0.0
18.0,68405248.0,1,1,9,864,4,1,1,6,19.99
17.0,474064896.0,0,1,4,513,2,1,1,7,99.99
12.0,40961352.0,0,1,4,1485,4,1,1,0,0.0
14922.0,399962112.0,0,1,12,2565,3,1,21,10,49.99
823.0,275948544.0,1,1,9,2957,4,1,14,10,16.99
24688.0,39510016.0,0,1,4,1266,4,1,1,5,7.99
7.0,71992320.0,0,1,4,177,3,1,1,1,0.99
217.0,13305796.0,0,1,4,1128,4,1,1,0,0.0
37.0,11963392.0,0,1,4,396,4,1,1,6,2.99
34606.0,153006080.0,1,1,17,3582,5,1,12,10,99.99
33.0,129518592.0,1,1,4,423,4,1,2,9,5.99
87.0,335851520.0,0,1,4,1126,5,1,1,1,1.99
20892.0,836159488.0,1,1,12,3962,3,1,1,10,14.99
13.0,73306112.0,0,1,4,1976,4,1,1,4,3.99
22.0,146014208.0,0,1,4,2140,4,1,1,4,3.99
5.0,148819968.0,1,1,4,392,4,1,1,5,4.99
4705.0,112228352.0,1,1,4,3134,4,1,7,6,29.99
13.0,2447641600.0,0,0,9,1152,4,1,3,0,0.0
13110.0,172659712.0,0,1,4,743,4,1,1,5,99.99
189.0,36373504.0,1,1,4,486,4,1,1,1,1.99
5.0,19795968.0,0,1,4,498,4,1,1,1,2.99
208.0,13745152.0,1,1,4,1023,4,1,1,0,0.0
11.0,96029696.0,0,1,4,87,4,1,1,0,0.0
15.0,55066624.0,0,1,4,849,3,1,1,0,0.0
14.0,175801344.0,0,1,4,818,4,1,1,1,1.99
672.0,209128448.0,1,1,12,1757,4,1,9,8,74.99
8.0,40024064.0,0,1,12,1826,4,1,1,9,99.99
5.0,438934528.0,1,1,9,1804,3,1,6,6,2.99
47.0,100813824.0,1,1,4,691,4,1,2,10,3.99
3636.0,116020224.0,1,0,12,1571,3,1,1,0,0.0
582.0,67382272.0,0,1,4,1755,4,1,1,10,19.99
141.0,20115456.0,0,0,4,2336,4,1,1,0,0.0
214.0,106941440.0,1,0,17,1163,6,1,1,0,0.0
1307.0,46972928.0,0,1,12,1304,5,1,9,7,99.99
1457.0,216923136.0,1,1,4,1492,4,1,8,10,13.99
28.0,223198208.0,0,1,12,505,3,1,1,2,9.99
11125.0,812956672.0,1,0,4,3742,4,1,6,5,9.99
517.0,22585344.0,0,1,4,868,3,1,1,0,0.0
23.0,64424960.0,0,1,9,1519,3,1,1,0,0.0
18.0,18653184.0,0,1,4,435,4,1,2,0,0.0
12.0,44050432.0,0,0,4,664,4,1,1,4,7.99
3056.0,87774208.0,1,1,9,1898,4,1,14,10,99.99
6.0,42307584.0,0,1,4,347,4,1,2,0,0.0
321.0,156443648.0,1,1,9,2091,5,1,4,10,9.99
1741.0,2323719.0,0,1,4,1005,4,1,1,0,0.0
90386.0,43073536.0,0,1,9,2197,4,1,1,10,4.99
14.0,21798912.0,0,1,4,779,4,1,1,0,0.0
6160.0,503759872.0,1,1,4,3196,4,1,22,10,99.99
329.0,839680000.0,1,1,4,1327,5,1,4,10,8.99
14.0,115596288.0,1,1,9,376,3,1,1,2,9.99
311.0,9076736.0,0,0,9,253,3,1,1,1,2.99
9.0,155361280.0,0,1,4,1760,3,1,1,0,0.0
16.0,1375202.0,0,1,4,371,4,1,1,1,0.99
123.0,153329664.0,0,1,4,968,3,1,1,4,2.99
3637.0,178947072.0,0,1,12,3577,3,1,1,10,99.99
12.0,98520064.0,1,1,4,842,4,1,1,1,2.99
6.0,67535872.0,0,1,4,342,4,1,1,0,0.0
24.0,57027584.0,0,0,4,3564,3,1,1,0,0.0
11.0,79271936.0,1,1,4,1945,4,1,2,8,9.99
82.0,2748416.0,0,1,4,425,4,1,1,0,0.0
8.0,175254528.0,0,1,12,1853,4,1,1,0,0.0
16.0,255696896.0,1,1,4,3033,3,1,12,1,19.99
277.0,26772480.0,0,1,4,631,4,1,1,0,0.0
63.0,74777600.0,1,1,4,1194,4,1,4,1,2.99
342.0,555947008.0,0,1,12,1515,3,1,31,6,99.99
18.0,32250880.0,1,1,4,1216,4,1,1,2,4.99
576.0,47139840.0,0,1,4,965,4,1,1,0,0.0
1250.0,30252032.0,0,0,4,945,4,1,1,0,0.0
704.0,93690880.0,1,1,4,3063,4,1,4,10,49.99
15.0,593951744.0,1,1,12,1812,4,1,11,10,19.99
158.0,189700096.0,0,0,4,553,4,1,4,0,0.0
6.0,23459840.0,0,0,4,169,4,1,1,0,0.0
102.0,184114176.0,0,1,12,895,2,1,1,7,19.99
20.0,32550912.0,0,1,4,45,3,1,1,0,0.0
61.0,83073024.0,1,1,4,1419,4,1,1,1,1.99
7.0,18413568.0,1,1,4,705,4,1,1,1,1.99
438.0,226167808.0,0,0,17,1978,4,1,1,4,9.99
407.0,223521792.0,0,1,9,1201,4,1,4,7,39.99
2983.0,113888256.0,1,1,9,2777,5,1,30,10,99.99
657.0,106297344.0,1,1,4,1633,4,1,3,10,14.99
105.0,219094016.0,1,0,9,5341,3,1,5,9,49.99
66.0,136909824.0,0,1,4,1357,3,1,1,0,0.0
1021.0,194635776.0,1,1,9,1877,3,1,8,6,99.99
10.0,38834176.0,0,1,4,1363,3,1,1,10,49.99
13.0,123686912.0,0,1,4,847,4,1,1,10,2.99
103.0,204274688.0,1,1,12,631,4,1,1,0,0.0
29.0,8798208.0,0,1,4,287,4,1,1,0,0.0
1084.0,30431232.0,1,1,12,859,4,1,3,0,0.0
13.0,89711616.0,1,1,4,506,3,1,1,1,0.99
297.0,8835072.0,0,0,4,551,4,1,2,0,0.0
25.0,21555200.0,1,1,9,602,4,1,11,1,0.99
118.0,38800384.0,1,1,4,1169,4,1,31,1,1.99
5462.0,14125056.0,1,1,9,855,4,1,1,3,0.99
5.0,29847552.0,0,1,4,167,4,1,1,1,2.99
7.0,94592000.0,0,1,4,343,4,1,1,1,1.99
1373.0,262873088.0,0,1,4,1559,3,1,1,10,6.99
118.0,11697152.0,1,1,4,1440,4,1,2,0,0.0
1904.0,65085440.0,1,1,4,1219,3,1,25,4,19.99
11.0,90030080.0,0,1,4,496,3,1,1,1,4.99
57.0,24712192.0,0,1,4,627,4,1,1,0,0.0
25.0,97822720.0,1,0,4,470,3,1,2,0,0.0
1361.0,60317696.0,1,1,4,1550,4,1,1,0,0.0
11.0,124206080.0,1,1,4,1882,4,1,1,0,0.0
1269.0,180497408.0,1,1,12,1418,4,1,2,10,99.99
5.0,135991296.0,0,0,12,863,3,1,1,0,0.0
73.0,156876800.0,0,1,17,1505,4,1,1,10,19.99
30.0,65441792.0,1,1,4,114,3,1,1,0,0.0
88.0,69051392.0,1,1,4,1431,4,1,1,1,1.99
310.0,38952960.0,0,1,4,945,4,1,3,6,49.99
106.0,7034030.0,0,1,4,254,4,1,1,0,0.0
22.0,46309376.0,0,1,9,3566,3,1,1,8,4.99
27.0,318895104.0,0,0,12,1759,4,1,1,6,1.99
271.0,89993216.0,0,1,12,825,4,1,1,0,0.0
70.0,234455040.0,0,1,12,346,3,1,1,0,0.0
7.0,61300736.0,0,1,4,743,3,1,1,0,0.0
9.0,97210368.0,1,1,12,372,4,1,1,0,0.0
144.0,20110688.0,0,1,4,745,4,1,6,0,0.0
9.0,116864000.0,1,1,4,2207,5,1,2,4,49.99
15.0,117279744.0,1,1,4,524,4,1,1,0,0.0
22.0,105667584.0,1,1,4,1741,3,1,1,0,0.0
5160.0,27417806.0,0,1,9,2060,3,1,1,5,19.99
312.0,6435840.0,1,1,4,698,4,1,1,0,0.0
457.0,167445504.0,0,1,4,1326,4,1,1,5,39.99
65.0,273367040.0,1,1,12,3652,4,1,14,9,19.99
5.0,293624832.0,1,1,9,660,4,1,1,1,1.99
10.0,102920192.0,1,1,9,3378,4,1,12,4,3.99
1258.0,36861952.0,1,1,12,1252,6,1,1,10,99.99
28.0,23948288.0,0,0,4,2223,4,1,2,2,11.99
12.0,329977856.0,0,0,12,2291,4,1,1,0,0.0
15.0,28974080.0,1,1,17,306,4,1,1,0,0.0
49.0,139099136.0,0,1,12,1201,5,1,6,10,99.99
8.0,389889024.0,0,1,9,1459,4,1,1,0,0.0
22.0,42059776.0,1,1,4,622,4,1,16,6,99.99
48.0,168767488.0,0,1,9,1552,5,1,1,4,3.99
326.0,174829568.0,1,1,9,1189,3,1,9,10,99.99
177.0,127075328.0,0,1,4,2920,4,1,1,5,9.99
5.0,24506368.0,1,1,4,397,4,1,1,0,0.0
179.0,86999040.0,1,0,4,741,4,1,2,0,0.0
14.0,99791872.0,1,1,4,1461,4,1,22,4,4.99
56.0,53927936.0,0,1,4,1960,4,1,1,5,0.99
4476.0,9646105.0,0,1,4,1381,4,1,6,5,19.99
26.0,4571136.0,0,1,4,398,4,1,1,1,0.99
38008.0,7494656.0,0,0,4,710,3,1,1,0,0.0
62.0,57704448.0,0,1,4,859,4,1,20,1,0.99
120.0,132197376.0,1,1,4,1172,4,1,1,5,21.99
55.0,957011968.0,0,1,9,1768,4,1,1,10,99.99
434.0,127021056.0,1,1,4,2682,4,1,1,10,10.99
39.0,234430464.0,0,1,4,1150,3,1,2,4,9.99
19.0,6419788.0,0,1,17,519,3,1,1,0,0.0
5.0,40430592.0,1,1,4,1337,4,1,6,0,0.0
16.0,93714432.0,0,1,4,411,3,1,1,3,10.99
344.0,1746968576.0,1,1,12,1489,4,1,1,1,4.99
15.0,33935360.0,1,1,4,458,3,1,2,0,0.0
14.0,49844224.0,0,1,4,1149,4,1,1,2,4.99
29.0,14403584.0,0,0,9,2028,4,1,1,0,0.0
235.0,131681280.0,1,1,12,1431,4,1,1,0,0.0
11.0,32803840.0,1,1,4,846,3,1,2,0,0.0
5604.0,296774656.0,1,1,12,1129,4,1,1,10,9.99
18605.0,32022528.0,0,0,4,961,3,1,1,2,0.99
38.0,289189888.0,0,1,9,2684,4,1,3,10,4.99
14.0,165115904.0,1,1,12,1219,3,1,10,2,19.99
52.0,92755968.0,0,1,12,489,3,1,1,4,24.99
173.0,524193792.0,0,0,4,985,4,1,2,0,0.0
115.0,101755824.0,0,1,12,2328,3,1,1,5,0.99
6379.0,254709760.0,0,1,4,1118,4,1,5,10,15.99
701.0,15311872.0,1,1,4,1504,4,1,1,0,0.0
14301.0,85209088.0,0,1,4,795,4,1,6,3,2.99
5.0,128385024.0,0,1,9,365,3,1,1,0,0.0
57.0,261438464.0,1,1,4,495,4,1,7,10,24.99
7.0,385953792.0,1,1,9,533,3,1,2,0,0.0
39.0,91408384.0,0,0,9,1581,3,1,1,0,0.0
19760.0,1056594944.0,1,1,4,2246,4,1,1,10,19.99
10.0,89412608.0,1,1,12,101,2,1,1,0,0.0
64.0,68304896.0,0,0,12,1782,4,1,1,0,0.0
16.0,88985600.0,0,1,9,992,2,1,1,9,4.99
272.0,10806272.0,1,0,4,1865,4,1,1,1,0.99
34.0,217530368.0,0,1,9,1006,5,1,3,5,49.99
43.0,20399008.0,0,1,4,277,3,1,2,0,0.0
1530.0,86053888.0,0,1,4,729,4,1,1,6,12.99
13.0,121188352.0,1,1,4,1196,4,1,1,1,2.99
160.0,14290626.0,0,1,12,470,3,1,1,1,0.99
43.0,164886528.0,0,0,4,1134,3,1,6,1,2.99
28.0,178177024.0,1,1,9,1486,3,1,1,4,4.99
23.0,27610112.0,0,0,4,292,4,1,3,0,0.0
7.0,30618624.0,1,1,4,1645,5,1,1,0,0.0
63.0,10350262.0,0,1,4,872,4,1,1,0,0.0
6.0,83966976.0,0,1,4,277,4,1,1,0,0.0
43.0,42938368.0,0,1,4,244,4,1,1,1,0.99
35.0,12556288.0,0,1,4,313,4,1,4,0,0.0
182.0,23393263.0,0,1,4,572,3,1,1,2,2.99
3414.0,165281792.0,1,1,4,1930,4,1,8,10,15.99
20.0,140386304.0,0,1,4,2011,5,1,1,0,0.0
6.0,7426048.0,0,1,4,566,3,1,1,0,0.0
6.0,49547264.0,0,1,4,749,2,1,1,1,0.99
1744.0,136365056.0,0,1,12,1824,4,1,2,10,99.99
14.0,36072448.0,1,0,4,3106,4,1,9,0,0.0
15.0,268255232.0,0,1,4,953,4,1,32,4,49.99
20.0,92652544.0,0,1,9,913,4,1,1,0,0.0
379.0,30733312.0,0,0,9,219,3,1,1,0,0.0
89.0,230988800.0,1,0,9,3481,3,1,1,0,0.0
12.0,112735232.0,1,1,17,1218,5,1,1,1,3.99
42.0,16115712.0,0,1,4,977,4,1,1,0,0.0
771.0,54051840.0,0,1,4,753,4,1,1,0,0.0
504.0,80848896.0,1,0,4,2768,3,1,1,0,0.0
8.0,62749696.0,1,1,4,1379,3,1,8,1,0.99
48.0,78435328.0,1,1,4,909,3,1,1,0,0.0
24.0,13328384.0,0,1,4,208,3,1,1,0,0.0
10.0,66669568.0,0,1,4,875,6,1,1,0,0.0
7.0,59543552.0,0,1,12,1125,4,1,1,5,9.99
7.0,11643904.0,1,1,4,128,3,1,1,0,0.0
15.0,5496832.0,0,1,4,334,4,1,1,0,0.0
879.0,280066048.0,1,1,12,3326,4,1,10,10,94.99
9.0,73358336.0,0,1,4,270,4,1,2,0,0.0
5.0,169394176.0,0,1,12,1255,4,1,1,2,3.99
9.0,52178944.0,0,1,4,1575,3,1,1,1,0.99
20.0,54575104.0,1,1,4,399,3,1,4,4,1.99
63.0,102365184.0,0,1,12,915,4,1,1,5,4.99
788.0,357617664.0,1,1,12,1193,4,1,1,13,9.99
30.0,196235264.0,1,1,12,1697,3,1,1,4,9.99
4885.0,59016192.0,0,0,9,1190,3,1,1,10,9.99
5.0,10087424.0,0,0,4,172,4,1,1,0,0.0
88.0,34025472.0,0,1,4,1188,3,1,1,4,1.99
22766.0,267439104.0,0,1,4,2099,4,1,1,10,19.99
14.0,39092224.0,0,1,9,705,4,1,1,0,0.0
262.0,243174400.0,0,1,4,849,4,1,4,5,4.99
41.0,43689984.0,0,0,9,986,3,1,1,7,14.99
8.0,158439424.0,0,1,4,3294,3,1,1,1,1.99
19833.0,154613760.0,1,1,12,1882,3,1,11,16,99.99
16.0,59215872.0,0,1,12,805,4,1,2,3,2.99
7.0,78373888.0,1,1,12,793,3,1,1,0,0.0
7.0,66031616.0,0,1,12,3212,4,1,1,4,5.99
18.0,13338612.0,0,1,4,777,4,1,1,0,0.0
7.0,128368640.0,0,0,4,3903,5,1,13,1,7.99
121.0,20448530.0,0,1,12,1421,4,1,1,1,0.99
15.0,178388992.0,0,0,4,1201,4,1,6,1,0.99
45.0,67060736.0,1,1,4,833,4,1,1,0,0.0
37.0,257270784.0,1,1,4,1198,3,1,1,5,44.99
5.0,178911232.0,1,1,4,425,4,1,1,0,0.0
81.0,31244288.0,0,1,12,4511,3,1,1,7,49.99
17.0,372379648.0,0,1,12,1632,2,1,3,0,0.0
6.0,17310720.0,0,1,12,340,3,1,1,0,0.0
68.0,45658112.0,0,1,4,784,4,1,1,1,1.99
7.0,27917684.0,0,0,9,555,4,1,1,0,0.0
9.0,89848832.0,0,1,4,1638,4,1,1,0,0.0
58.0,26020864.0,0,1,4,371,4,1,1,6,9.99
3710.0,168401920.0,1,1,12,3200,5,1,13,10,99.99
27.0,22934528.0,0,0,4,660,3,1,1,0,0.0
75.0,29640704.0,1,1,4,1063,3,1,13,0,0.0
299.0,210096128.0,0,0,4,1597,3,1,11,0,0.0
240.0,6322647.0,0,1,4,1628,3,1,1,1,0.99
61.0,134193152.0,0,1,9,471,4,1,1,3,4.99
6.0,142791680.0,1,1,4,175,3,1,1,0,0.0
589.0,645603328.0,0,1,9,1983,3,1,1,4,19.99
22.0,27276288.0,0,1,4,239,4,1,1,0,0.0
38.0,14801992.0,0,1,4,2100,3,1,3,0,0.0
5.0,62144512.0,0,1,4,474,3,1,1,5,1.99
7.0,43540480.0,0,1,4,946,4,1,1,6,9.99
56.0,43591680.0,1,0,12,641,3,1,21,0,0.0
399.0,183872512.0,1,1,12,3165,4,1,1,10,19.99
552.0,37572608.0,0,1,4,1975,4,1,1,0,0.0
697.0,16104448.0,0,1,12,2054,3,1,1,0,0.0
196.0,214109184.0,1,1,9,2306,4,1,14,6,39.99
25.0,8179496.0,0,1,4,819,4,1,1,1,0.99
6.0,128192512.0,1,1,17,713,5,1,1,0,0.0
152.0,438204416.0,1,1,9,406,3,1,1,0,0.0
5.0,46458654.0,0,1,4,1540,3,1,1,4,2.99
1295.0,453922816.0,1,0,4,1901,4,1,11,0,0.0
35.0,96850944.0,1,1,12,1571,3,1,1,0,0.0
25.0,274897920.0,0,1,9,2574,4,1,3,0,0.0
55.0,288881664.0,0,1,9,2055,4,1,1,8,69.99
5.0,11238400.0,1,1,4,241,4,1,3,0,0.0
11.0,31848448.0,1,1,4,820,3,1,1,0,0.0
727.0,33046528.0,0,1,9,1020,3,1,1,7,39.99
12047.0,244866048.0,1,1,12,1376,3,1,11,10,99.99
5.0,23108608.0,0,1,4,363,3,1,7,2,0.99
28.0,32987136.0,1,0,12,475,3,1,21,1,0.99
8.0,25814016.0,0,1,4,1842,4,1,1,7,19.99
10.0,34119680.0,0,1,4,826,4,1,1,3,4.99
199.0,61392896.0,0,0,12,1634,3,1,9,6,0.99
6.0,94755840.0,0,1,9,1632,3,1,1,0,0.0
11019.0,128472064.0,1,1,12,193,3,1,1,2,2.99
25.0,25468928.0,0,0,12,843,3,1,1,0,0.0
11.0,102891520.0,1,1,4,628,5,1,1,4,5.99
74.0,2052096.0,0,1,4,1405,4,1,1,0,0.0
153.0,665337856.0,1,1,9,1401,3,1,1,6,99.99
48.0,53927936.0,0,1,4,933,4,1,1,8,9.99
89.0,87518208.0,1,1,9,2031,4,1,6,7,19.99
99.0,31427584.0,1,1,17,110,3,1,1,0,0.0
21.0,10221568.0,1,1,4,1107,3,1,1,0,0.0
24.0,374524928.0,0,1,4,1739,4,1,1,10,9.99
6.0,55549952.0,0,1,4,538,3,1,2,0,0.0
13.0,39553024.0,0,1,9,709,4,1,1,2,9.99
3026.0,342050816.0,1,1,4,3094,3,1,18,10,99.99
8.0,404173824.0,0,0,4,1878,4,1,1,0,0.0
50.0,1932578816.0,0,0,12,2882,4,1,10,0,0.0
21.0,17182720.0,0,0,4,1324,4,1,5,0,0.0
5.0,153051136.0,0,1,4,2255,4,1,1,6,99.99
35.0,25415680.0,0,1,4,640,4,1,1,1,2.99
60.0,93988864.0,0,1,12,900,4,1,8,6,23.99
16.0,40583168.0,0,0,4,873,4,1,2,7,3.99
24.0,243174400.0,0,0,4,849,4,1,4,0,0.0
11.0,43655168.0,1,0,4,386,4,1,25,0,0.0
5.0,117400576.0,1,1,4,563,4,1,1,0,0.0
1932.0,45624320.0,0,1,4,1708,3,1,9,0,0.0
27.0,268368896.0,0,1,4,849,4,1,4,5,4.99
74.0,185580544.0,0,0,4,772,4,1,4,0,0.0
10.0,172316672.0,1,1,9,2930,3,1,1,1,5.99
2321.0,202853376.0,1,0,4,2778,4,1,1,1,3.99
1251.0,254925824.0,1,1,12,2321,3,1,3,10,99.99
18252.0,130549760.0,1,0,4,1512,4,1,5,0,0.0
84.0,62539776.0,1,1,4,828,3,1,9,1,0.99
95971.0,26820692.0,0,1,4,794,3,1,1,7,4.99
51.0,21442560.0,0,1,4,692,4,1,1,1,0.99
5.0,207770624.0,0,1,4,1821,4,1,15,5,7.99
16.0,13393920.0,0,1,4,513,4,1,1,0,0.0
369.0,233402368.0,1,1,9,240,4,1,1,10,39.99
217469.0,119190528.0,1,1,4,1445,4,1,15,14,19.99
19.0,39419904.0,0,0,12,1154,4,1,1,0,0.0
10234.0,110984192.0,1,1,4,1186,5,1,1,10,9.99
36.0,126608384.0,0,1,17,817,4,1,9,0,0.0
207.0,39265795.0,0,1,9,1396,4,1,1,4,49.99
9.0,26210483.0,0,1,4,2670,4,1,1,0,0.0
12.0,81605152.0,0,1,9,2142,4,1,1,0,0.0
26.0,50188288.0,0,1,4,445,3,1,1,1,2.99
1364.0,174428160.0,0,1,12,1723,4,1,1,6,99.99
209.0,94068736.0,0,1,9,517,4,1,1,14,49.99
1119.0,8881152.0,0,0,4,1657,4,1,1,0,0.0
5980.0,16797696.0,0,1,4,2845,4,1,10,2,2.99
15796.0,73626624.0,1,1,4,921,4,1,1,0,0.0
284.0,147505152.0,1,1,4,434,3,1,1,0,0.0
379.0,86076416.0,1,1,4,3590,4,1,1,10,23.99
283035.0,443974656.0,1,1,4,1247,4,1,28,10,19.99
152.0,91229184.0,1,1,4,2170,4,1,1,3,4.99
25.0,149910528.0,1,1,12,1436,4,1,1,10,45.99
2110.0,76698624.0,0,1,4,1171,4,1,1,10,19.99
21.0,140460032.0,1,1,12,1620,5,1,1,0,0.0
1682.0,63789056.0,1,1,12,1665,4,1,2,6,4.99
1088.0,100617216.0,0,0,12,3333,3,1,1,0,0.0
4800.0,169059328.0,1,1,9,2184,4,1,1,10,19.99
311.0,34189312.0,0,1,4,372,5,1,1,6,29.99
1579.0,86935552.0,0,1,4,1571,4,1,23,10,7.99
23.0,36278272.0,0,1,4,222,4,1,1,0,0.0
28.0,49362944.0,0,1,4,554,6,1,1,7,4.99
5.0,294256640.0,0,0,4,1615,4,1,1,1,1.99
97.0,344571904.0,1,1,4,370,4,1,1,0,0.0
9.0,90932224.0,0,1,4,1490,4,1,1,2,1.99
10.0,288773120.0,0,1,12,1456,3,1,5,6,89.99
6.0,301780992.0,1,1,4,426,2,1,1,1,0.99
9082.0,475823104.0,0,1,9,1279,4,1,1,10,99.99
27.0,73509888.0,1,1,4,1508,4,1,1,1,1.99
1134.0,201332736.0,1,1,4,1897,4,1,10,10,24.99
93.0,6281433.0,0,1,4,921,4,1,1,0,0.0
369.0,238532608.0,1,1,9,1892,3,1,6,10,9.99
186.0,84971520.0,0,0,9,1205,3,1,1,0,0.0
60.0,65264640.0,1,1,9,656,5,1,1,7,49.99
1679.0,1316330496.0,1,1,12,2923,3,1,1,10,89.99
66.0,28628906.0,0,1,4,1010,4,1,1,10,39.99
96.0,111738880.0,1,1,9,1645,5,1,1,10,94.99
26.0,25486336.0,0,1,4,146,4,1,3,0,0.0
13.0,4222976.0,0,1,4,311,4,1,1,1,0.99
4551.0,631155712.0,0,1,12,2385,3,1,1,6,99.99
96.0,31884288.0,0,1,4,426,3,1,16,0,0.0
668.0,377153536.0,1,0,4,2933,3,1,3,12,1.99
2695.0,164043776.0,0,1,4,893,4,1,1,6,5.99
10.0,118484992.0,0,1,4,1266,3,1,1,0,0.0
11.0,20705280.0,0,1,4,186,3,1,1,0,0.0
32623.0,69071872.0,1,1,17,1531,3,1,1,10,19.99
17.0,4878336.0,0,1,4,247,3,1,1,0,0.0
127.0,460626944.0,1,1,4,2782,4,1,1,9,9.99
391.0,90441728.0,0,1,9,1667,4,1,1,7,2.99
6.0,11390976.0,0,1,4,232,4,1,1,0,0.0
17.0,250567680.0,1,1,4,875,4,1,2,2,2.99
330.0,40014848.0,1,1,4,753,4,1,1,0,0.0
17.0,18073600.0,1,1,4,585,3,1,1,0,0.0
30.0,246209536.0,0,1,12,951,2,1,1,5,19.99
820.0,75834368.0,0,1,4,2328,5,1,3,10,99.99
2798.0,15547392.0,0,0,4,1258,4,1,1,0,0.0
128.0,117865472.0,1,1,4,3582,4,1,1,4,5.99
561.0,70299648.0,0,1,4,518,4,1,25,6,99.99
51.0,122459136.0,1,1,12,798,3,1,14,10,19.99
110.0,71777280.0,1,1,9,1926,4,1,2,7,4.99
213.0,140998656.0,0,1,12,837,2,1,1,10,31.99
53.0,40013824.0,0,1,4,1139,4,1,1,1,0.99
147.0,207930368.0,1,1,4,3368,4,1,1,1,2.99
14.0,24270848.0,0,1,4,830,4,1,1,0,0.0
5259.0,463272960.0,1,1,12,1889,4,1,15,10,99.99
15.0,22166528.0,0,1,4,1530,4,1,2,1,1.99
44.0,221290496.0,1,1,4,822,3,1,1,8,19.99
2856.0,1135753216.0,1,1,9,1420,3,1,17,9,99.99
1188.0,146696192.0,1,1,12,1838,4,1,5,10,19.99
11.0,37445632.0,0,1,4,695,4,1,1,0,0.0
18.0,591878144.0,0,0,12,1765,4,1,1,0,0.0
59.0,74743808.0,1,1,4,1409,4,1,1,1,1.99
36.0,36358144.0,1,1,12,519,3,1,1,0,0.0
627.0,402736128.0,1,1,17,3914,4,1,9,10,99.99
64.0,274333696.0,1,1,9,1958,5,1,10,10,49.99
4182.0,144761856.0,1,1,9,2156,3,1,1,10,9.99
19.0,142177280.0,1,1,4,1118,4,1,2,4,17.99
201.0,145458176.0,1,0,9,1183,3,1,19,0,0.0
374.0,193345536.0,0,1,17,426,2,1,1,10,9.99
284.0,12328960.0,0,0,4,1222,3,1,1,0,0.0
22.0,20598784.0,0,1,4,218,4,1,1,0,0.0
23.0,63532032.0,1,1,4,1152,3,1,1,5,19.99
85.0,20706304.0,0,0,9,345,3,1,1,0,0.0
332.0,144066560.0,1,0,12,2746,4,1,1,1,1.99
11.0,79102976.0,0,0,12,1532,4,1,1,0,0.0
172.0,19812352.0,0,1,4,950,4,1,1,1,0.99
731.0,245439488.0,1,1,9,1438,4,1,1,8,99.99
658.0,581021696.0,1,0,12,1757,3,1,9,0,0.0
22.0,64610304.0,0,1,4,1084,4,1,1,4,12.99
8.0,41046016.0,0,1,4,1239,3,1,1,1,2.99
6.0,49208320.0,1,1,4,456,4,1,1,0,0.0
5.0,85730304.0,0,1,4,445,4,1,1,0,0.0
8256.0,383477760.0,0,1,4,2764,4,1,11,10,19.99
41.0,17739776.0,0,1,4,338,4,1,1,0,0.0
5.0,19985408.0,0,1,4,384,4,1,1,4,4.99
10.0,156101632.0,1,1,4,3796,4,1,1,7,14.99
20.0,79960064.0,1,1,4,2221,4,1,2,10,19.99
72.0,15889408.0,0,1,4,434,4,1,1,1,1.99
13.0,58292224.0,0,0,4,657,3,1,1,0,0.0
5.0,648614912.0,1,0,4,2758,4,1,1,0,0.0
648.0,113505280.0,0,0,4,2951,4,1,1,0,0.0
5.0,80386048.0,0,1,12,842,3,1,1,0,0.0
10.0,20114432.0,1,0,4,2639,4,1,6,0,0.0
27.0,237025280.0,0,1,4,1543,3,1,1,3,19.99
5.0,26925056.0,0,1,4,224,4,1,1,0,0.0
1457.0,14261248.0,1,1,4,1607,5,1,1,6,2.99
289.0,185135104.0,0,1,12,2762,4,1,1,9,4.99
78.0,666606592.0,1,1,9,1427,4,1,1,10,19.99
772.0,42940416.0,0,1,4,506,3,1,15,10,9.99
350.0,64993280.0,0,1,4,202,3,1,1,9,2.99
12383.0,183531520.0,1,0,4,1120,3,1,16,0,0.0
42865.0,217935872.0,0,1,9,2172,4,1,14,10,19.99
52.0,260080640.0,1,1,9,901,4,1,7,4,19.99
10384.0,19831723.0,0,1,12,3637,4,1,1,6,99.99
5.0,238714880.0,0,1,4,953,4,1,1,5,5.99
538.0,19522012.0,0,1,4,1832,4,1,1,0,0.0
16.0,13180928.0,0,1,4,839,4,1,1,1,0.99
2371.0,783382528.0,1,1,9,2057,5,1,4,17,99.99
7.0,18460672.0,0,1,4,2163,4,1,1,7,3.99
16.0,181760000.0,0,1,12,261,4,1,1,0,0.0
122.0,290362368.0,1,1,4,2304,3,1,1,6,49.99
17.0,32092160.0,0,1,4,181,4,1,1,0,0.0
2243.0,94828544.0,1,1,4,1069,4,1,3,4,19.99
997.0,38358016.0,0,0,4,968,4,1,1,0,0.0
650.0,183074816.0,0,0,9,820,3,1,1,0,0.0
5.0,138195968.0,1,1,4,955,3,1,1,4,18.99
475.0,57135104.0,0,1,9,904,4,1,1,0,0.0
185.0,200384512.0,0,0,4,2016,5,1,1,10,99.99
7.0,221093888.0,0,1,17,1847,2,1,10,6,99.99
6.0,47795200.0,0,1,4,1454,5,1,1,0,0.0
3711.0,273998848.0,1,1,12,1867,3,1,1,10,19.99
418.0,34717696.0,0,1,4,1570,4,1,1,0,0.0
126.0,7624704.0,1,1,4,1837,3,1,1,2,2.99
17.0,69150720.0,0,1,4,199,3,1,1,1,4.99
6.0,283643904.0,0,1,9,1867,3,1,1,1,2.99
1966.0,26976256.0,1,0,9,520,3,1,1,0,0.0
6.0,20761600.0,0,1,4,3833,4,1,1,1,1.99
191081.0,65303552.0,0,1,4,843,4,1,1,0,0.0
1175.0,43827200.0,0,1,9,1096,4,1,1,10,99.99
181.0,457375744.0,0,0,12,1095,5,1,1,5,4.99
5.0,90497024.0,0,1,9,1200,4,1,31,10,49.99
157.0,12133376.0,0,0,4,312,2,1,1,0,0.0
354.0,93089792.0,1,1,12,1978,3,1,1,10,19.99
17.0,92184576.0,0,1,4,509,4,1,29,0,0.0
8.0,26435584.0,0,1,12,457,4,1,16,0,0.0
255.0,178533376.0,1,1,4,1442,3,1,1,0,0.0
68.0,154130432.0,0,0,12,1357,3,1,1,0,0.0
236.0,71201792.0,1,1,4,95,2,1,1,5,17.99
8.0,10813440.0,0,1,17,505,3,1,1,0,0.0
19.0,124192768.0,0,1,17,1022,5,1,8,0,0.0
5.0,12455936.0,0,1,4,221,4,1,1,1,1.99
639.0,232854528.0,1,1,4,2322,4,1,7,10,49.99
7.0,112649216.0,1,1,4,897,4,1,1,0,0.0
80.0,9342976.0,0,1,4,1331,4,1,1,1,1.99
1990.0,281435136.0,1,1,17,1234,3,1,1,10,49.99
26.0,26019840.0,1,0,4,1813,4,1,1,0,0.0
1819.0,32113664.0,0,1,12,1078,5,1,1,10,29.99
5.0,96055296.0,0,1,4,1028,4,1,9,10,49.99
72.0,12546048.0,0,1,4,750,4,1,1,0,0.0
16.0,527214592.0,1,1,9,1345,4,1,11,8,1.99
13.0,4922368.0,0,0,4,2112,4,1,1,0,0.0
105.0,64308224.0,1,1,9,413,4,1,16,9,89.99
50.0,116820992.0,1,0,9,909,4,1,1,0,0.0
18.0,24289280.0,0,1,4,587,4,1,1,0,0.0
5.0,200330240.0,0,1,4,88,4,1,1,2,0.99
8.0,23519232.0,0,0,4,573,3,1,1,0,0.0
14.0,9549824.0,0,1,4,577,3,1,1,0,0.0
11.0,13332480.0,0,1,4,1401,4,1,26,0,0.0
18.0,289805.0,0,1,4,238,3,1,1,0,0.0
11.0,41417728.0,0,1,4,629,3,1,16,0,0.0
471.0,129715200.0,1,0,4,1554,4,1,12,7,79.99
1417.0,174411776.0,0,0,12,902,3,1,1,0,0.0
11.0,49688576.0,0,1,9,416,4,1,1,6,49.99
5.0,4849664.0,0,1,4,160,3,1,1,0,0.0
80407.0,138714112.0,1,1,4,1669,4,1,7,10,9.99
5016.0,190726144.0,0,1,4,2684,4,1,7,8,99.99
11.0,36477952.0,0,1,9,817,4,1,2,0,0.0
6.0,127170560.0,0,1,4,231,3,1,1,2,4.99
9.0,22917120.0,0,1,4,987,4,1,2,0,0.0
1123.0,446633984.0,1,1,9,2809,4,1,1,12,17.99
32.0,13496320.0,0,1,4,267,3,1,1,0,0.0
5.0,39744512.0,0,0,12,488,3,1,1,0,0.0
47.0,21481158.0,0,1,9,842,4,1,3,0,0.0
581.0,192417792.0,0,1,9,596,4,1,5,1,0.99
12416.0,70558720.0,1,0,17,1247,4,1,16,0,0.0
12.0,96063488.0,0,1,9,229,4,1,1,0,0.0
688.0,70557696.0,0,1,4,2449,4,1,1,10,2.99
7.0,7270400.0,0,1,4,134,4,1,1,3,0.99
44.0,33016341.0,0,1,4,1061,4,1,15,1,0.99
64.0,99680256.0,1,1,9,2474,4,1,31,8,29.99
79.0,276097024.0,0,0,12,1927,3,1,1,0,0.0
9.0,16440320.0,0,1,4,598,4,1,1,3,0.99
63.0,51474432.0,0,1,4,266,3,1,1,4,19.99
7.0,54335488.0,1,1,17,698,4,1,1,0,0.0
9.0,40513536.0,0,1,4,1392,4,1,3,1,0.99
129.0,205543424.0,0,0,4,2634,3,1,9,1,4.99
29.0,135990272.0,0,1,17,627,3,1,1,0,0.0
34.0,72535040.0,0,0,9,1469,3,1,1,0,0.0
836.0,206372864.0,1,1,9,1367,3,1,3,10,99.99
7.0,54874112.0,0,1,4,1142,3,1,1,1,2.99
25.0,244183040.0,0,1,4,1025,4,1,11,0,0.0
5.0,330313728.0,1,0,9,1501,5,1,6,9,99.99
15.0,40543232.0,1,1,4,1109,4,1,1,0,0.0
5.0,44621824.0,0,1,4,1602,4,1,1,0,0.0
11899.0,50911232.0,1,1,4,1166,4,1,7,9,6.99
6120.0,209316864.0,1,1,4,1928,3,1,11,9,8.99
36.0,68194304.0,1,1,4,642,4,1,1,0,0.0
334.0,301259776.0,1,1,9,1783,4,1,5,10,99.99
12.0,60079104.0,0,1,4,82,3,1,1,0,0.0
6076.0,150212608.0,1,1,4,279,4,1,1,0,0.0
28.0,888477696.0,0,1,4,1560,3,1,1,5,9.99
11.0,8919314.0,0,1,4,277,3,1,2,0,0.0
145.0,123120640.0,0,0,12,2861,5,1,1,5,39.99
9.0,36801536.0,0,1,4,732,2,1,1,0,0.0
8.0,229646336.0,1,1,4,602,4,1,10,4,19.99
1056.0,206809088.0,0,1,12,660,4,1,1,7,99.99
15.0,31441920.0,0,1,4,353,2,1,1,1,0.99
15.0,182324224.0,0,1,4,1388,4,1,1,4,14.99
20.0,57073664.0,1,1,4,1503,4,1,2,3,1.99
21.0,61026304.0,1,1,4,1468,4,1,1,1,0.99
131.0,627150848.0,0,1,9,1960,3,1,13,10,49.99
45.0,462136320.0,0,0,9,1064,3,1,1,0,0.0
18.0,111200379.0,0,1,4,934,3,1,1,0,0.0
14922.0,399962112.0,0,1,12,2565,3,1,21,10,49.99
109.0,13119602.0,0,1,9,157,4,1,1,0,0.0
498.0,52475904.0,1,1,4,1197,4,1,1,0,0.0
10393.0,250981376.0,1,1,4,3112,3,1,5,10,19.99
1231.0,98568192.0,1,1,4,4032,4,1,5,6,12.99
458.0,251626496.0,0,1,9,1652,3,1,15,10,99.99
6.0,115245056.0,0,1,12,953,4,1,1,10,4.99
11.0,493780992.0,0,1,9,1229,4,1,10,5,19.99
47.0,446844928.0,1,0,4,1291,3,1,11,0,0.0
19.0,108085248.0,1,1,12,862,4,1,1,9,4.99
57.0,73604096.0,1,1,4,2325,5,1,6,4,9.99
47.0,172356608.0,0,1,12,588,4,1,1,3,1.99
5.0,35863552.0,0,0,4,697,4,1,1,0,0.0
14.0,177156096.0,0,1,4,1063,3,1,1,6,24.99
19.0,105101312.0,0,1,9,1945,3,1,1,0,0.0
5.0,32227328.0,0,1,4,618,3,1,1,0,0.0
113.0,890386432.0,1,1,9,1806,3,1,5,10,99.99
3650.0,16141677.0,0,1,4,1224,3,1,1,0,0.0
415.0,798922752.0,0,1,12,1092,4,1,6,2,0.99
367.0,89542656.0,0,0,4,1359,3,1,1,0,0.0
397.0,154909696.0,0,1,9,1077,2,1,1,10,5.99
115.0,1799395328.0,0,0,12,4056,4,1,1,0,0.0
381.0,78164992.0,0,1,12,1522,4,1,4,0,0.0
16.0,6746112.0,0,1,4,451,3,1,1,0,0.0
69.0,43753472.0,0,1,4,315,4,1,1,1,2.99
556.0,568401920.0,0,0,12,1890,3,1,10,0,0.0
13.0,41615360.0,0,0,4,772,4,1,2,0,0.0
380.0,37152386.0,0,1,4,1869,3,1,1,0,0.0
71.0,21385216.0,0,0,4,178,3,1,16,0,0.0
15.0,108700672.0,1,1,4,1952,3,1,2,4,9.99
6.0,215128064.0,1,1,4,3080,3,1,1,3,7.99
33.0,33293248.0,0,1,9,1205,3,1,1,3,1.99
11.0,74209280.0,0,1,4,755,3,1,6,0,0.0
13.0,89403392.0,0,1,4,1269,4,1,1,0,0.0
29.0,28669952.0,1,1,4,588,4,1,16,3,29.99
174591.0,74891264.0,1,1,4,1621,3,1,1,7,19.99
51.0,28119040.0,0,1,4,1303,3,1,9,5,59.99
8.0,46927872.0,0,1,4,2661,3,1,16,0,0.0
6.0,27770880.0,0,0,4,2359,4,1,15,0,0.0
2482.0,14894080.0,0,0,4,710,3,1,2,0,0.0
9.0,12787712.0,0,1,4,440,4,1,1,0,0.0
44.0,219944960.0,0,1,4,4328,3,1,1,7,8.99
81.0,235592704.0,0,1,4,1026,4,1,7,6,99.99
218.0,368850944.0,1,1,12,2041,4,1,3,10,99.99
25.0,28222464.0,0,0,4,427,3,1,2,0,0.0
7.0,61336576.0,0,1,4,610,3,1,25,1,19.99
93.0,14033920.0,0,1,4,1004,4,1,2,0,0.0
2621.0,138547200.0,1,1,4,1363,4,1,11,10,4.99
822.0,777995264.0,1,1,12,1389,4,1,7,10,49.99
7.0,37679104.0,1,1,4,750,4,1,2,0,0.0
109.0,115011584.0,1,1,4,308,4,1,1,0,0.0
370.0,83920896.0,1,1,12,1521,4,1,1,1,2.99
12.0,157883392.0,0,1,12,219,3,1,1,4,3.99
31.0,55910400.0,0,1,12,4147,4,1,3,0,0.0
8.0,312753152.0,1,1,12,3880,2,1,1,10,19.99
23.0,45867071.0,0,1,9,1396,3,1,1,4,3.99
13.0,113821696.0,1,1,12,946,4,1,2,0,0.0
161.0,37659648.0,0,1,9,522,4,1,2,0,0.0
52.0,128719872.0,1,1,4,2689,3,1,1,0,0.0
27.0,100657152.0,0,1,4,647,3,1,25,5,49.99
1064.0,220160000.0,1,1,9,1802,5,1,17,8,199.99
1718.0,612399104.0,0,0,12,1454,4,1,1,6,49.99
6.0,403382272.0,0,1,4,716,3,1,1,0,0.0
6.0,437855232.0,0,1,9,3255,6,1,1,3,4.99
67.0,207606784.0,1,1,12,1702,4,1,1,8,49.99
8373.0,48459776.0,0,1,4,2235,3,1,13,6,99.99
16.0,195098624.0,1,1,4,1650,4,1,10,0,0.0
48.0,59642880.0,0,1,4,723,4,1,1,0,0.0
183.0,20264890.0,0,1,4,1620,4,1,1,0,0.0
28.0,63180800.0,0,1,4,1105,4,1,31,8,4.99
361.0,176989184.0,1,1,9,1443,4,1,1,4,19.99
1204.0,73216000.0,0,1,4,1402,4,1,8,3,5.99
62.0,179497984.0,1,0,4,1819,3,1,10,0,0.0
139.0,177026048.0,1,0,4,796,4,1,5,0,0.0
24.0,17637183.0,0,1,4,627,3,1,1,0,0.0
119.0,47373632.0,0,1,9,1022,4,1,7,0,0.0
24.0,27475968.0,0,0,9,1004,3,1,1,7,19.99
52.0,258894848.0,1,1,9,2022,4,1,1,10,19.99
23.0,46874624.0,1,1,17,465,3,1,19,0,0.0
13.0,60946432.0,0,1,12,386,4,1,1,6,19.99
20.0,61688832.0,1,1,4,1158,3,1,1,2,2.99
12.0,36426752.0,0,0,4,541,4,1,1,0,0.0
502.0,270547968.0,0,1,4,2426,4,1,8,6,9.99
185.0,19635080.0,0,1,4,2379,3,1,1,0,0.0
2931.0,51631104.0,1,1,4,1293,4,1,1,1,8.99
128.0,22206464.0,0,1,4,731,4,1,1,1,1.99
35.0,14757888.0,0,1,4,1165,4,1,1,0,0.0
892.0,179230720.0,1,1,12,1807,3,1,11,10,19.99
189.0,259339264.0,0,0,12,1329,3,1,1,10,99.99
11.0,29913088.0,0,1,4,1489,3,1,1,10,14.99
7.0,69206016.0,0,1,4,1302,3,1,1,1,2.99
45.0,24009728.0,0,1,4,1319,4,1,1,0,0.0
263.0,37352528.0,0,1,4,1544,4,1,12,10,7.99
3248.0,1095554048.0,1,1,12,2765,3,1,46,6,99.99
7.0,81370112.0,0,1,4,344,4,1,1,1,0.99
21.0,115067904.0,1,1,4,1069,4,1,1,5,1.99
1108.0,87710720.0,0,1,4,923,4,1,1,2,1.99
8.0,27412480.0,1,1,4,305,3,1,1,0,0.0
11.0,13856768.0,0,1,4,295,4,1,1,2,0.99
94.0,90107904.0,0,1,4,967,4,1,1,2,1.99
574.0,183409664.0,0,0,4,481,4,1,6,0,0.0
277.0,31711232.0,0,1,4,1684,4,1,10,6,99.99
3231.0,164774912.0,1,1,9,2385,4,1,14,10,19.99
